protein_pair	probability	status
sp|P07118|SYV_ECOLI-sp|P07118|SYV_ECOLI	1.00	target_target
sp|P0A6Y1|IHFB_ECOLI-sp|P0A7J7|RL11_ECOLI	1.00	target_target
sp|P0ACF4|DBHB_ECOLI-sp|P68679|RS21_ECOLI	1.00	target_target
sp|P0A6Z1|HSCA_ECOLI-sp|P0ACD4|ISCU_ECOLI	1.00	target_target
sp|P0A6X7|IHFA_ECOLI-sp|P62399|RL5_ECOLI	1.00	target_target
sp|P0A7S3|RS12_ECOLI-sp|P0ADZ4|RS15_ECOLI	1.00	target_target
sp|P0A7L0|RL1_ECOLI-sp|P0ACF0|DBHA_ECOLI	1.00	target_target
sp|P0A7J7|RL11_ECOLI-sp|P77718|THII_ECOLI	1.00	target_target
sp|P0A853|TNAA_ECOLI-sp|P0A8F0|UPP_ECOLI	1.00	target_target
sp|P0A6X7|IHFA_ECOLI-sp|P0A7V3|RS3_ECOLI	1.00	target_target
sp|P0A8T7|RPOC_ECOLI-sp|P0ACF0|DBHA_ECOLI	1.00	target_target
sp|P0A7N9|RL33_ECOLI-sp|P0ACF4|DBHB_ECOLI	1.00	target_target
sp|P0ABF1|PCNB_ECOLI-sp|P60422|RL2_ECOLI	1.00	target_target
sp|P0A7S3|RS12_ECOLI-sp|P0ACJ0|LRP_ECOLI	1.00	target_target
sp|P0A705|IF2_ECOLI-sp|P0ACF0|DBHA_ECOLI	1.00	target_target
sp|P0A8T7|RPOC_ECOLI-sp|P0ACF4|DBHB_ECOLI	1.00	target_target
sp|P02358|RS6_ECOLI-sp|P0ACF0|DBHA_ECOLI	1.00	target_target
sp|P21156|CYSD_ECOLI-sp|P23845|CYSN_ECOLI	1.00	target_target
sp|P0A7Z4|RPOA_ECOLI-sp|P0A8V2|RPOB_ECOLI	1.00	target_target
sp|P0A7Z4|RPOA_ECOLI-sp|P24255|RP54_ECOLI	1.00	target_target
sp|P0A7K6|RL19_ECOLI-sp|P0ACF4|DBHB_ECOLI	1.00	target_target
sp|P0A7T3|RS16_ECOLI-sp|P0ACF4|DBHB_ECOLI	1.00	target_target
sp|P02359|RS7_ECOLI-sp|P0A7T7|RS18_ECOLI	1.00	target_target
sp|P0A705|IF2_ECOLI-sp|P0ACF4|DBHB_ECOLI	1.00	target_target
sp|P0A7X3|RS9_ECOLI-sp|P0AG67|RS1_ECOLI	1.00	target_target
sp|P0AA10|RL13_ECOLI-sp|P0ACF4|DBHB_ECOLI	1.00	target_target
sp|P0A7V3|RS3_ECOLI-sp|P0A8V2|RPOB_ECOLI	1.00	target_target
sp|P0A707|IF3_ECOLI-sp|P0A7L0|RL1_ECOLI	1.00	target_target
sp|P0A7S3|RS12_ECOLI-sp|P45577|PROQ_ECOLI	1.00	target_target
sp|P0A7L0|RL1_ECOLI-sp|P0A7N9|RL33_ECOLI	1.00	target_target
sp|P0ADQ7|YGAM_ECOLI-sp|P64581|YQJD_ECOLI	1.00	target_target
sp|P0A6X7|IHFA_ECOLI-sp|P0AG59|RS14_ECOLI	1.00	target_target
sp|P02359|RS7_ECOLI-sp|P76053|SMRA_ECOLI	1.00	target_target
sp|P0ACF4|DBHB_ECOLI-sp|P0AG63|RS17_ECOLI	1.00	target_target
sp|P0AG30|RHO_ECOLI-sp|P60422|RL2_ECOLI	1.00	target_target
sp|P17846|CYSI_ECOLI-sp|P38038|CYSJ_ECOLI	1.00	target_target
sp|P02358|RS6_ECOLI-sp|P0ACF4|DBHB_ECOLI	1.00	target_target
sp|P0C0V0|DEGP_ECOLI-sp|P39099|DEGQ_ECOLI	1.00	target_target
sp|P0ACF4|DBHB_ECOLI-sp|P68191|SRA_ECOLI	1.00	target_target
sp|P0ACF0|DBHA_ECOLI-sp|P0ACF4|DBHB_ECOLI	1.00	target_target
sp|P0A7Z4|RPOA_ECOLI-sp|P0AFF6|NUSA_ECOLI	1.00	target_target
rev_sp|P57721|PCBP3_HUMAN-sp|P0A8V2|RPOB_ECOLI	1.00	target_decoy
sp|P0A8T7|RPOC_ECOLI-sp|P0AFF6|NUSA_ECOLI	1.00	target_target
sp|P0A6Y1|IHFB_ECOLI-sp|P0A7U3|RS19_ECOLI	1.00	target_target
sp|P0A6Y1|IHFB_ECOLI-sp|P60422|RL2_ECOLI	1.00	target_target
sp|P06959|ODP2_ECOLI-sp|P0A9P0|DLDH_ECOLI	1.00	target_target
sp|P0A8T7|RPOC_ECOLI-sp|P0AFG0|NUSG_ECOLI	1.00	target_target
sp|P0A8F0|UPP_ECOLI-sp|P0ACF8|HNS_ECOLI	1.00	target_target
sp|P0ACF4|DBHB_ECOLI-sp|P62399|RL5_ECOLI	1.00	target_target
sp|P02358|RS6_ECOLI-sp|P0AG67|RS1_ECOLI	1.00	target_target
sp|P0A6X7|IHFA_ECOLI-sp|P0ACF0|DBHA_ECOLI	1.00	target_target
sp|P0A7R1|RL9_ECOLI-sp|P0AG30|RHO_ECOLI	1.00	target_target
sp|P0ADG7|IMDH_ECOLI-sp|P60560|GUAC_ECOLI	1.00	target_target
sp|P07014|SDHB_ECOLI-sp|P0AC41|SDHA_ECOLI	1.00	target_target
sp|P0ACF4|DBHB_ECOLI-sp|P0AG59|RS14_ECOLI	1.00	target_target
sp|P0A6Y8|DNAK_ECOLI-sp|P69908|DCEA_ECOLI	1.00	target_target
sp|P0A7V8|RS4_ECOLI-sp|P0A7W1|RS5_ECOLI	1.00	target_target
sp|P0A6X7|IHFA_ECOLI-sp|P0AG63|RS17_ECOLI	1.00	target_target
sp|P06959|ODP2_ECOLI-sp|P0AFG8|ODP1_ECOLI	1.00	target_target
sp|P0ACF0|DBHA_ECOLI-sp|P68679|RS21_ECOLI	1.00	target_target
sp|P29217|YCEH_ECOLI-sp|P29217|YCEH_ECOLI	1.00	target_target
sp|P0AEU7|SKP_ECOLI-sp|P60422|RL2_ECOLI	1.00	target_target
sp|P0A7L0|RL1_ECOLI-sp|P0A7S3|RS12_ECOLI	1.00	target_target
sp|P0ACF0|DBHA_ECOLI-sp|P45577|PROQ_ECOLI	1.00	target_target
sp|P0A6X7|IHFA_ECOLI-sp|P0A8T7|RPOC_ECOLI	1.00	target_target
sp|P02359|RS7_ECOLI-sp|P0A7V0|RS2_ECOLI	1.00	target_target
sp|P0A910|OMPA_ECOLI-sp|P69776|LPP_ECOLI	1.00	target_target
sp|P0A705|IF2_ECOLI-sp|P0AG59|RS14_ECOLI	1.00	target_target
sp|P45577|PROQ_ECOLI-sp|P68679|RS21_ECOLI	1.00	target_target
sp|P0A7V8|RS4_ECOLI-sp|P0ACF4|DBHB_ECOLI	1.00	target_target
sp|P0A6X7|IHFA_ECOLI-sp|P0A7U3|RS19_ECOLI	1.00	target_target
sp|P0A6Y8|DNAK_ECOLI-sp|P69910|DCEB_ECOLI,sp|P69908|DCEA_ECOLI	1.00	target_target
sp|P02358|RS6_ECOLI-sp|P0A7S3|RS12_ECOLI	1.00	target_target
sp|P0A7Z4|RPOA_ECOLI-sp|P0ACF4|DBHB_ECOLI	1.00	target_target
sp|P0A7T3|RS16_ECOLI-sp|P0ACF0|DBHA_ECOLI	1.00	target_target
sp|P0ACF4|DBHB_ECOLI-sp|P45577|PROQ_ECOLI	1.00	target_target
sp|P0A7K2|RL7_ECOLI-sp|P0A7R1|RL9_ECOLI	1.00	target_target
sp|P0ABA0|ATPF_ECOLI-sp|P0ABB4|ATPB_ECOLI	1.00	target_target
sp|P0A847|TGT_ECOLI-sp|P0AA10|RL13_ECOLI	1.00	target_target
sp|P08839|PT1_ECOLI-sp|P0A8M6|YEEX_ECOLI	1.00	target_target
sp|P29217|YCEH_ECOLI-sp|P32695|DUSA_ECOLI	1.00	target_target
sp|P0A6Y1|IHFB_ECOLI-sp|P0AG59|RS14_ECOLI	1.00	target_target
sp|P0ACF0|DBHA_ECOLI-sp|P0AG30|RHO_ECOLI	1.00	target_target
sp|P0A7U7|RS20_ECOLI-sp|P0ACF0|DBHA_ECOLI	1.00	target_target
sp|P22523|MUKB_ECOLI-sp|P60293|MUKF_ECOLI	1.00	target_target
sp|P0A6R3|FIS_ECOLI-sp|P62399|RL5_ECOLI	1.00	target_target
sp|P0A705|IF2_ECOLI-sp|P0A7R5|RS10_ECOLI	1.00	target_target
sp|P0A800|RPOZ_ECOLI-sp|P0A8T7|RPOC_ECOLI	1.00	target_target
sp|P02359|RS7_ECOLI-sp|P0A7U3|RS19_ECOLI	1.00	target_target
sp|P00579|RPOD_ECOLI-sp|P0ACF4|DBHB_ECOLI	1.00	target_target
sp|P02359|RS7_ECOLI-sp|P0A7S9|RS13_ECOLI	1.00	target_target
sp|P0A7U3|RS19_ECOLI-sp|P0AG67|RS1_ECOLI	1.00	target_target
sp|P0A8T7|RPOC_ECOLI-sp|P30128|GREB_ECOLI	1.00	target_target
sp|P0A8V2|RPOB_ECOLI-sp|P0AG59|RS14_ECOLI	1.00	target_target
sp|P0A7S3|RS12_ECOLI-sp|P0AEU7|SKP_ECOLI	1.00	target_target
sp|P0A705|IF2_ECOLI-sp|P69222|IF1_ECOLI	1.00	target_target
sp|P0A8N3|SYK1_ECOLI-sp|P0A9G6|ACEA_ECOLI	1.00	target_target
sp|P69908|DCEA_ECOLI-sp|P69910|DCEB_ECOLI	1.00	target_target
sp|P0A705|IF2_ECOLI-sp|P0A7S9|RS13_ECOLI	1.00	target_target
sp|P0A8E5|YACL_ECOLI-sp|P0A8T7|RPOC_ECOLI	1.00	target_target
sp|P0A7V3|RS3_ECOLI-sp|Q46901|CSE1_ECOLI	1.00	target_target
sp|P0AFG6|ODO2_ECOLI-sp|Q9BXR5|TLR10_HUMAN	1.00	target_target
sp|P0A6Y8|DNAK_ECOLI-sp|P69797|PTNAB_ECOLI	1.00	target_target
sp|P0A705|IF2_ECOLI-sp|P0A7V8|RS4_ECOLI	1.00	target_target
sp|P0A7Z4|RPOA_ECOLI-sp|P0A800|RPOZ_ECOLI	1.00	target_target
sp|P0AG59|RS14_ECOLI-sp|P45577|PROQ_ECOLI	1.00	target_target
sp|P0A7S3|RS12_ECOLI-sp|P33136|OPGG_ECOLI	1.00	target_target
sp|P60422|RL2_ECOLI-sp|P62399|RL5_ECOLI	1.00	target_target
sp|P0A7N9|RL33_ECOLI-sp|P0ACF0|DBHA_ECOLI	1.00	target_target
sp|P0A7S3|RS12_ECOLI-sp|P77718|THII_ECOLI	1.00	target_target
sp|P0A705|IF2_ECOLI-sp|P0A7U3|RS19_ECOLI	1.00	target_target
sp|P0ACF0|DBHA_ECOLI-sp|P0ADZ4|RS15_ECOLI	1.00	target_target
sp|P0A7J3|RL10_ECOLI-sp|P0A7K2|RL7_ECOLI	1.00	target_target
sp|P0A7S3|RS12_ECOLI-sp|P0ACF4|DBHB_ECOLI	1.00	target_target
sp|P09831|GLTB_ECOLI-sp|P09832|GLTD_ECOLI	1.00	target_target
sp|P0AGE9|SUCD_ECOLI-sp|Q9BYF1|ACE2_HUMAN	1.00	target_target
sp|P45577|PROQ_ECOLI-sp|P60422|RL2_ECOLI	1.00	target_target
sp|P0A7V3|RS3_ECOLI-sp|P45577|PROQ_ECOLI	1.00	target_target
sp|P0A6Y1|IHFB_ECOLI-sp|P0ACF0|DBHA_ECOLI	1.00	target_target
sp|P0ACF0|DBHA_ECOLI-sp|P0AG59|RS14_ECOLI	1.00	target_target
sp|P0A7N4|RL32_ECOLI-sp|P0AG44|RL17_ECOLI	1.00	target_target
sp|P0A7L8|RL27_ECOLI-sp|P0C018|RL18_ECOLI	1.00	target_target
sp|P0A7R5|RS10_ECOLI-sp|P0A7V3|RS3_ECOLI	1.00	target_target
sp|P0A7V3|RS3_ECOLI-sp|P0ACF4|DBHB_ECOLI	1.00	target_target
sp|P0A9P0|DLDH_ECOLI-sp|P0AFG6|ODO2_ECOLI	1.00	target_target
sp|P0A7R1|RL9_ECOLI-sp|P0ACF4|DBHB_ECOLI	1.00	target_target
sp|P0A7V0|RS2_ECOLI-sp|P0ACF0|DBHA_ECOLI	1.00	target_target
sp|P0ACF0|DBHA_ECOLI-sp|P0AG63|RS17_ECOLI	1.00	target_target
sp|P0A6X7|IHFA_ECOLI-sp|P0ADZ4|RS15_ECOLI	1.00	target_target
sp|P0A9Q5|ACCD_ECOLI-sp|P0ABD5|ACCA_ECOLI	1.00	target_target
sp|P0A6X7|IHFA_ECOLI-sp|P0ACF4|DBHB_ECOLI	1.00	target_target
sp|P0ACF4|DBHB_ECOLI-sp|P0AG67|RS1_ECOLI	1.00	target_target
sp|P0A7R9|RS11_ECOLI-sp|P0AG67|RS1_ECOLI	1.00	target_target
sp|P0A7K6|RL19_ECOLI-sp|P0ACF0|DBHA_ECOLI	1.00	target_target
sp|P02359|RS7_ECOLI-sp|P0A7X3|RS9_ECOLI	1.00	target_target
sp|P0A7L0|RL1_ECOLI-sp|P45577|PROQ_ECOLI	1.00	target_target
sp|P02358|RS6_ECOLI-sp|P0A7T7|RS18_ECOLI	1.00	target_target
sp|P09373|PFLB_ECOLI-sp|P29745|PEPT_ECOLI	1.00	target_target
sp|P0A7S3|RS12_ECOLI-sp|P0ACF0|DBHA_ECOLI	1.00	target_target
sp|P0A7R1|RL9_ECOLI-sp|P60422|RL2_ECOLI	1.00	target_target
sp|P0A7V3|RS3_ECOLI-sp|P0AG67|RS1_ECOLI	1.00	target_target
sp|P0A7R1|RL9_ECOLI-sp|P0ACF0|DBHA_ECOLI	1.00	target_target
sp|P0A705|IF2_ECOLI-sp|P0A7X3|RS9_ECOLI	1.00	target_target
sp|P0A705|IF2_ECOLI-sp|P0A7V0|RS2_ECOLI	1.00	target_target
sp|P0A9P0|DLDH_ECOLI-sp|P0AFG8|ODP1_ECOLI	1.00	target_target
sp|P0ACF0|DBHA_ECOLI-sp|P60422|RL2_ECOLI	1.00	target_target
sp|P0A6Y1|IHFB_ECOLI-sp|P0A7V3|RS3_ECOLI	1.00	target_target
sp|P02359|RS7_ECOLI-sp|P0A9M0|LON_ECOLI	1.00	target_target
sp|P02359|RS7_ECOLI-sp|P0A7R9|RS11_ECOLI	1.00	target_target
sp|P0A7M2|RL28_ECOLI-sp|P0A7R1|RL9_ECOLI	1.00	target_target
sp|P0A7V3|RS3_ECOLI-sp|P0ACF0|DBHA_ECOLI	1.00	target_target
sp|P0A7U3|RS19_ECOLI-sp|P0ACF4|DBHB_ECOLI	1.00	target_target
sp|P0A7L0|RL1_ECOLI-sp|P0ACF4|DBHB_ECOLI	1.00	target_target
sp|P00579|RPOD_ECOLI-sp|P0A8T7|RPOC_ECOLI	1.00	target_target
sp|P0A705|IF2_ECOLI-sp|P0A7S3|RS12_ECOLI	1.00	target_target
sp|P0A705|IF2_ECOLI-sp|P0A707|IF3_ECOLI	1.00	target_target
sp|P0A7V0|RS2_ECOLI-sp|P0A7W7|RS8_ECOLI	1.00	target_target
sp|P0A853|TNAA_ECOLI-sp|P0A9G6|ACEA_ECOLI	1.00	target_target
sp|P00960|SYGA_ECOLI-sp|P00961|SYGB_ECOLI	1.00	target_target
sp|P02359|RS7_ECOLI-sp|P0A707|IF3_ECOLI	1.00	target_target
sp|P0A7T7|RS18_ECOLI-sp|P0ACF0|DBHA_ECOLI	1.00	target_target
sp|P0A7V0|RS2_ECOLI-sp|P0AG67|RS1_ECOLI	1.00	target_target
sp|P0ACF4|DBHB_ECOLI-sp|P60422|RL2_ECOLI	1.00	target_target
sp|P0A6X7|IHFA_ECOLI-sp|P0A7S3|RS12_ECOLI	1.00	target_target
sp|P0A6F5|CH60_ECOLI-sp|P0A817|METK_ECOLI	1.00	target_target
sp|P0AFG3|ODO1_ECOLI-sp|P0AFG6|ODO2_ECOLI	1.00	target_target
sp|P0A9P0|DLDH_ECOLI-sp|P0AFG3|ODO1_ECOLI	1.00	target_target
sp|P0A6Y1|IHFB_ECOLI-sp|P0A7S3|RS12_ECOLI	1.00	target_target
sp|P0A7R5|RS10_ECOLI-sp|P0AG67|RS1_ECOLI	1.00	target_target
sp|P0A7N4|RL32_ECOLI-sp|P61175|RL22_ECOLI	1.00	target_target
sp|P0A7J7|RL11_ECOLI-sp|P0ACF0|DBHA_ECOLI	1.00	target_target
sp|P02359|RS7_ECOLI-sp|P0A7W1|RS5_ECOLI	1.00	target_target
sp|P0A7S3|RS12_ECOLI-sp|P0A7T7|RS18_ECOLI	1.00	target_target
sp|P0A6Y1|IHFB_ECOLI-sp|P0AG63|RS17_ECOLI	1.00	target_target
sp|P0A7V0|RS2_ECOLI-sp|P0ACF4|DBHB_ECOLI	1.00	target_target
sp|P0A8V2|RPOB_ECOLI-sp|P0ACF0|DBHA_ECOLI	1.00	target_target
sp|P0A7M9|RL31_ECOLI-sp|P62399|RL5_ECOLI	1.00	target_target
sp|P02359|RS7_ECOLI-sp|P0C018|RL18_ECOLI	1.00	target_target
sp|P09373|PFLB_ECOLI-sp|P0AD33|YFCZ_ECOLI	1.00	target_target
sp|P0AES4|GYRA_ECOLI-sp|P0AES6|GYRB_ECOLI	1.00	target_target
sp|P0A6F5|CH60_ECOLI-sp|P75949|NAGZ_ECOLI	1.00	target_target
sp|P0A6Y1|IHFB_ECOLI-sp|P0ADZ4|RS15_ECOLI	1.00	target_target
sp|P0A7V0|RS2_ECOLI-sp|P0A7V3|RS3_ECOLI	1.00	target_target
sp|P0ACF4|DBHB_ECOLI-sp|P0ADZ4|RS15_ECOLI	1.00	target_target
sp|P0ADQ7|YGAM_ECOLI-sp|P0AEH5|ELAB_ECOLI	1.00	target_target
sp|P0A7S3|RS12_ECOLI-sp|P0A7V8|RS4_ECOLI	1.00	target_target
sp|P0ACF0|DBHA_ECOLI-sp|P0AG67|RS1_ECOLI	1.00	target_target
sp|P09372|GRPE_ECOLI-sp|P0A6Y8|DNAK_ECOLI	1.00	target_target
sp|P09373|PFLB_ECOLI-sp|P68066|GRCA_ECOLI	1.00	target_target
sp|P0A6Y1|IHFB_ECOLI-sp|P62399|RL5_ECOLI	1.00	target_target
sp|P02359|RS7_ECOLI-sp|P0A705|IF2_ECOLI	1.00	target_target
sp|P05055|PNP_ECOLI-sp|P21645|LPXD_ECOLI	1.00	target_target
sp|P0A6X7|IHFA_ECOLI-sp|P60422|RL2_ECOLI	1.00	target_target
sp|P0A7Z4|RPOA_ECOLI-sp|P0A8T7|RPOC_ECOLI	1.00	target_target
sp|P0A7J7|RL11_ECOLI-sp|P0A7K2|RL7_ECOLI	1.00	target_target
sp|P0A7U3|RS19_ECOLI-sp|P0ACF0|DBHA_ECOLI	1.00	target_target
sp|P02359|RS7_ECOLI-sp|P67910|HLDD_ECOLI	1.00	target_target
sp|P0A7K2|RL7_ECOLI-sp|P60422|RL2_ECOLI	1.00	target_target
sp|P0A7T3|RS16_ECOLI-sp|P68191|SRA_ECOLI	1.00	target_target
sp|P02359|RS7_ECOLI-sp|P68679|RS21_ECOLI	1.00	target_target
sp|P0A7K2|RL7_ECOLI-sp|P0AG55|RL6_ECOLI	1.00	target_target
sp|P0A8V2|RPOB_ECOLI-sp|P0AFF6|NUSA_ECOLI	1.00	target_target
sp|P0A7S3|RS12_ECOLI-sp|P0AG63|RS17_ECOLI	1.00	target_target
sp|P0AG67|RS1_ECOLI-sp|P68679|RS21_ECOLI	1.00	target_target
sp|P0AEH5|ELAB_ECOLI-sp|P64581|YQJD_ECOLI	1.00	target_target
sp|P0A7T7|RS18_ECOLI-sp|P68679|RS21_ECOLI	1.00	target_target
sp|P02359|RS7_ECOLI-sp|P0A6X7|IHFA_ECOLI	1.00	target_target
sp|P0A7Z4|RPOA_ECOLI-sp|P60240|RAPA_ECOLI	1.00	target_target
sp|P0A707|IF3_ECOLI-sp|P0A7S3|RS12_ECOLI	1.00	target_target
sp|P0A6Y1|IHFB_ECOLI-sp|P0ACF4|DBHB_ECOLI	1.00	target_target
sp|P0A7W1|RS5_ECOLI-sp|P0A7W7|RS8_ECOLI	1.00	target_target
sp|P0A705|IF2_ECOLI-sp|Q46901|CSE1_ECOLI	1.00	target_target
sp|P07395|SYFB_ECOLI-sp|P08312|SYFA_ECOLI	1.00	target_target
sp|P0ACF0|DBHA_ECOLI-sp|P62399|RL5_ECOLI	1.00	target_target
sp|P02359|RS7_ECOLI-sp|P0ACF0|DBHA_ECOLI	1.00	target_target
sp|P0A8V2|RPOB_ECOLI-sp|P0ACF4|DBHB_ECOLI	1.00	target_target
sp|P0A7S3|RS12_ECOLI-sp|P0C018|RL18_ECOLI	1.00	target_target
sp|P0A879|TRPB_ECOLI-sp|P0A9G6|ACEA_ECOLI	1.00	target_target
sp|P75817|RLMC_ECOLI-sp|P75817|RLMC_ECOLI	1.00	target_target
sp|P0A8W8|YFBU_ECOLI-sp|P0A8W8|YFBU_ECOLI	1.00	target_target
sp|P0A9W0|ULAR_ECOLI-sp|P0A9W0|ULAR_ECOLI	1.00	target_target
sp|P0AEY3|MAZG_ECOLI-sp|P0AEY3|MAZG_ECOLI	1.00	target_target
sp|P0A800|RPOZ_ECOLI-sp|P0A800|RPOZ_ECOLI	1.00	target_target
sp|P75876|RLMI_ECOLI-sp|P75876|RLMI_ECOLI	1.00	target_target
sp|P24228|DACB_ECOLI-sp|P24228|DACB_ECOLI	1.00	target_target
sp|P0A9G4|CUER_ECOLI-sp|P0A9G4|CUER_ECOLI	1.00	target_target
sp|P0AEW9|K1PF_ECOLI-sp|P0AEW9|K1PF_ECOLI	1.00	target_target
sp|P77398|ARNA_ECOLI-sp|P77398|ARNA_ECOLI	1.00	target_target
sp|P0ADV7|MLAC_ECOLI-sp|P0ADV7|MLAC_ECOLI	1.00	target_target
sp|P0A9X4|MREB_ECOLI-sp|P0A9X4|MREB_ECOLI	1.00	target_target
sp|P36673|TRER_ECOLI-sp|P36673|TRER_ECOLI	1.00	target_target
sp|P76594|PKA_ECOLI-sp|P76594|PKA_ECOLI	1.00	target_target
sp|P10443|DPO3A_ECOLI-sp|P10443|DPO3A_ECOLI	1.00	target_target
sp|P68679|RS21_ECOLI-sp|P68679|RS21_ECOLI	1.00	target_target
sp|P65807|YGEY_ECOLI-sp|P65807|YGEY_ECOLI	1.00	target_target
sp|P76193|YNHG_ECOLI-sp|P76193|YNHG_ECOLI	1.00	target_target
sp|P33224|AIDB_ECOLI-sp|P33224|AIDB_ECOLI	1.00	target_target
sp|P0A814|RUVC_ECOLI-sp|P0A814|RUVC_ECOLI	1.00	target_target
sp|P11446|ARGC_ECOLI-sp|P11446|ARGC_ECOLI	1.00	target_target
sp|P0A8N3|SYK1_ECOLI-sp|P0A8N5|SYK2_ECOLI	1.00	target_target
sp|P77316|YBDR_ECOLI-sp|P77316|YBDR_ECOLI	1.00	target_target
sp|P0C7L2|PAAJ_ECOLI-sp|P0C7L2|PAAJ_ECOLI	1.00	target_target
sp|P76290|CMOA_ECOLI-sp|P76290|CMOA_ECOLI	1.00	target_target
sp|P62620|ISPG_ECOLI-sp|P62620|ISPG_ECOLI	1.00	target_target
sp|P30864|YAFC_ECOLI-sp|P30864|YAFC_ECOLI	1.00	target_target
sp|P13458|SBCC_ECOLI-sp|P13458|SBCC_ECOLI	1.00	target_target
sp|P0A7V0|RS2_ECOLI-sp|P0C018|RL18_ECOLI	1.00	target_target
sp|P0A7S3|RS12_ECOLI-sp|P0A7V0|RS2_ECOLI	1.00	target_target
sp|P0A7R1|RL9_ECOLI-sp|P21499|RNR_ECOLI	1.00	target_target
sp|P0A7J7|RL11_ECOLI-sp|P0A8M6|YEEX_ECOLI	1.00	target_target
sp|P37645|YHJG_ECOLI-sp|P37645|YHJG_ECOLI	1.00	target_target
sp|P25552|GPPA_ECOLI-sp|P25552|GPPA_ECOLI	1.00	target_target
sp|P0A9S3|GATD_ECOLI-sp|P0A9S3|GATD_ECOLI	1.00	target_target
sp|P28248|DCD_ECOLI-sp|P28248|DCD_ECOLI	1.00	target_target
sp|P36929|RSMB_ECOLI-sp|P36929|RSMB_ECOLI	1.00	target_target
sp|P0A8A8|RIMP_ECOLI-sp|P0A8A8|RIMP_ECOLI	1.00	target_target
sp|P0ADG4|SUHB_ECOLI-sp|P0ADG4|SUHB_ECOLI	1.00	target_target
sp|P67660|YHAJ_ECOLI-sp|P67660|YHAJ_ECOLI	1.00	target_target
sp|P0AFM6|PSPA_ECOLI-sp|P0AFM6|PSPA_ECOLI	1.00	target_target
sp|P39831|YDFG_ECOLI-sp|P39831|YDFG_ECOLI	1.00	target_target
sp|P08956|T1RK_ECOLI-sp|P08956|T1RK_ECOLI	1.00	target_target
sp|P22186|MRAZ_ECOLI-sp|P22186|MRAZ_ECOLI	1.00	target_target
sp|P37342|YJJI_ECOLI-sp|P37342|YJJI_ECOLI	1.00	target_target
sp|P0AA10|RL13_ECOLI-sp|P0AA10|RL13_ECOLI	1.00	target_target
sp|P07363|CHEA_ECOLI-sp|P07363|CHEA_ECOLI	1.00	target_target
sp|P31806|NNR_ECOLI-sp|P31806|NNR_ECOLI	1.00	target_target
sp|P09323|PTW3C_ECOLI-sp|P09323|PTW3C_ECOLI	1.00	target_target
sp|P17115|GUTQ_ECOLI-sp|P17115|GUTQ_ECOLI	1.00	target_target
sp|P60584|CAIA_ECOLI-sp|P60584|CAIA_ECOLI	1.00	target_target
sp|P0A9E5|FNR_ECOLI-sp|P0A9E5|FNR_ECOLI	1.00	target_target
sp|P76273|RSMF_ECOLI-sp|P76273|RSMF_ECOLI	1.00	target_target
sp|P76513|YFDQ_ECOLI-sp|P76513|YFDQ_ECOLI	1.00	target_target
sp|P21645|LPXD_ECOLI-sp|P21645|LPXD_ECOLI	1.00	target_target
sp|P10346|GLNQ_ECOLI-sp|P10346|GLNQ_ECOLI	1.00	target_target
sp|P0C0S1|MSCS_ECOLI-sp|P0C0S1|MSCS_ECOLI	1.00	target_target
sp|P0A8U6|METJ_ECOLI-sp|P0A8U6|METJ_ECOLI	1.00	target_target
sp|P00363|FRDA_ECOLI-sp|P00363|FRDA_ECOLI	1.00	target_target
sp|P07017|MCP2_ECOLI,sp|P07018|MCP4_ECOLI-sp|P07017|MCP2_ECOLI,sp|P07018|MCP4_ECOLI	1.00	target_target
sp|Q47155|DPO4_ECOLI-sp|Q47155|DPO4_ECOLI	1.00	target_target
sp|P04391|OTC1_ECOLI-sp|P04391|OTC1_ECOLI	1.00	target_target
sp|P08394|RECB_ECOLI-sp|P08394|RECB_ECOLI	1.00	target_target
sp|P0A8D0|NRDR_ECOLI-sp|P0A8D0|NRDR_ECOLI	1.00	target_target
sp|P76268|KDGR_ECOLI-sp|P76268|KDGR_ECOLI	1.00	target_target
sp|P0A8P8|XERD_ECOLI-sp|P0A8P8|XERD_ECOLI	1.00	target_target
sp|P42632|TDCE_ECOLI-sp|P42632|TDCE_ECOLI	1.00	target_target
sp|P76578|A2MG_ECOLI-sp|P76578|A2MG_ECOLI	1.00	target_target
sp|P0AGK4|YHBY_ECOLI-sp|P0AGK4|YHBY_ECOLI	1.00	target_target
sp|P0AEX9|MALE_ECOLI-sp|P0AEX9|MALE_ECOLI	1.00	target_target
sp|P0ACM9|YIHL_ECOLI-sp|P0ACM9|YIHL_ECOLI	1.00	target_target
sp|P30870|GLNE_ECOLI-sp|P30870|GLNE_ECOLI	1.00	target_target
sp|P0A7S3|RS12_ECOLI-sp|P0A8W0|NANR_ECOLI	1.00	target_target
sp|P0A7S3|RS12_ECOLI-sp|P0ACN4|ALLR_ECOLI	1.00	target_target
sp|Q8N4V2|SVOP_HUMAN-sp|Q8N4V2|SVOP_HUMAN	1.00	target_target
sp|P0A6C1|END4_ECOLI-sp|P0A6C1|END4_ECOLI	1.00	target_target
sp|P0AAF6|ARTP_ECOLI-sp|P0AAF6|ARTP_ECOLI	1.00	target_target
sp|P0A9G6|ACEA_ECOLI-sp|P0A9G6|ACEA_ECOLI	1.00	target_target
sp|P0ACD4|ISCU_ECOLI-sp|P0ACD4|ISCU_ECOLI	1.00	target_target
sp|P10408|SECA_ECOLI-sp|P37052|YCHJ_ECOLI,sp|P0AD05|YECA_ECOLI,sp|P10408|SECA_ECOLI	1.00	target_target
sp|P69222|IF1_ECOLI-sp|P69222|IF1_ECOLI	1.00	target_target
sp|P77539|YDJL_ECOLI-sp|P77539|YDJL_ECOLI	1.00	target_target
sp|P0A821|SELA_ECOLI-sp|P0A821|SELA_ECOLI	1.00	target_target
sp|P0AG76|SBCD_ECOLI-sp|P0AG76|SBCD_ECOLI	1.00	target_target
sp|P27550|ACSA_ECOLI-sp|P27550|ACSA_ECOLI	1.00	target_target
sp|P0ADB1|OSME_ECOLI-sp|P0ADB1|OSME_ECOLI	1.00	target_target
sp|P0A7B8|HSLV_ECOLI-sp|P0A7B8|HSLV_ECOLI	1.00	target_target
sp|P21513|RNE_ECOLI-sp|P21513|RNE_ECOLI	1.00	target_target
sp|P61714|RISB_ECOLI-sp|P61714|RISB_ECOLI	1.00	target_target
sp|P0AET8|HDHA_ECOLI-sp|P0AET8|HDHA_ECOLI	1.00	target_target
sp|P32144|CSQR_ECOLI-sp|P32144|CSQR_ECOLI	1.00	target_target
sp|P0AEP3|GALU_ECOLI-sp|P0AEP3|GALU_ECOLI	1.00	target_target
sp|P0A9P6|DEAD_ECOLI-sp|P0A9P6|DEAD_ECOLI	1.00	target_target
sp|P0ADP7|UBIJ_ECOLI-sp|P0ADP7|UBIJ_ECOLI	1.00	target_target
sp|P25798|FLIF_ECOLI-sp|P25798|FLIF_ECOLI	1.00	target_target
sp|P0AC33|FUMA_ECOLI-sp|P14407|FUMB_ECOLI	1.00	target_target
sp|P0ACF0|DBHA_ECOLI-sp|P42641|OBG_ECOLI	1.00	target_target
sp|Q57261|TRUD_ECOLI-sp|Q57261|TRUD_ECOLI	1.00	target_target
sp|P0AGB3|RPOH_ECOLI-sp|P0AGB3|RPOH_ECOLI	1.00	target_target
sp|P63020|NFUA_ECOLI-sp|P63020|NFUA_ECOLI	1.00	target_target
sp|P0AG44|RL17_ECOLI-sp|P0AG44|RL17_ECOLI	1.00	target_target
sp|P43672|UUP_ECOLI-sp|P43672|UUP_ECOLI	1.00	target_target
sp|P36566|CMOM_ECOLI-sp|P36566|CMOM_ECOLI	1.00	target_target
sp|P75960|NPD_ECOLI-sp|P75960|NPD_ECOLI	1.00	target_target
sp|P00562|AK2H_ECOLI-sp|P00562|AK2H_ECOLI	1.00	target_target
sp|P0A7J3|RL10_ECOLI-sp|P0A7J7|RL11_ECOLI	1.00	target_target
sp|P0A7C2|LEXA_ECOLI-sp|P0A7C2|LEXA_ECOLI	1.00	target_target
sp|P0A6Y1|IHFB_ECOLI-sp|P0A7X3|RS9_ECOLI	1.00	target_target
sp|P02359|RS7_ECOLI-sp|P0A7L3|RL20_ECOLI	1.00	target_target
sp|P60422|RL2_ECOLI-sp|P60624|RL24_ECOLI	1.00	target_target
sp|P00490|PHSM_ECOLI-sp|P0A7S3|RS12_ECOLI	1.00	target_target
sp|P0A7S3|RS12_ECOLI-sp|P0A8M6|YEEX_ECOLI	1.00	target_target
sp|P36683|ACNB_ECOLI-sp|P63020|NFUA_ECOLI	1.00	target_target
sp|P0A6F5|CH60_ECOLI-sp|P21156|CYSD_ECOLI	1.00	target_target
sp|P0A6P1|EFTS_ECOLI-sp|P0CE47|EFTU1_ECOLI,sp|P0CE48|EFTU2_ECOLI	1.00	target_target
sp|P0ACF0|DBHA_ECOLI-sp|P69913|CSRA_ECOLI	1.00	target_target
sp|P0A7V8|RS4_ECOLI-sp|P0ACF0|DBHA_ECOLI	1.00	target_target
sp|P0A707|IF3_ECOLI-sp|P0A7U3|RS19_ECOLI	1.00	target_target
sp|P0AGJ5|YFIF_ECOLI-sp|P60422|RL2_ECOLI	1.00	target_target
sp|P06710|DPO3X_ECOLI-sp|P28631|HOLB_ECOLI	1.00	target_target
sp|P07003|POXB_ECOLI-sp|P0A9G6|ACEA_ECOLI	1.00	target_target
sp|P0A6B7|ISCS_ECOLI-sp|P0A8F0|UPP_ECOLI	1.00	target_target
sp|P0A8G0|UVRC_ECOLI-sp|P0A8G0|UVRC_ECOLI	1.00	target_target
sp|P37773|MPL_ECOLI-sp|P37773|MPL_ECOLI	1.00	target_target
sp|P0AFP6|GCH1L_ECOLI-sp|P0AFP6|GCH1L_ECOLI	1.00	target_target
sp|P75713|ALLE_ECOLI-sp|P75713|ALLE_ECOLI	1.00	target_target
sp|Q8TBP6|S2540_HUMAN-sp|Q8TBP6|S2540_HUMAN	1.00	target_target
sp|P27278|NADR_ECOLI-sp|P27278|NADR_ECOLI	1.00	target_target
sp|P0ABJ1|CYOA_ECOLI-sp|P0ABJ1|CYOA_ECOLI	1.00	target_target
sp|P15034|AMPP_ECOLI-sp|P15034|AMPP_ECOLI	1.00	target_target
sp|P29013|YCGB_ECOLI-sp|P29013|YCGB_ECOLI	1.00	target_target
sp|P11349|NARH_ECOLI-sp|P11349|NARH_ECOLI	1.00	target_target
sp|P0A7T7|RS18_ECOLI-sp|P0AG67|RS1_ECOLI	1.00	target_target
sp|P02359|RS7_ECOLI-sp|P0A832|SSRP_ECOLI	1.00	target_target
sp|P36767|RDGC_ECOLI-sp|P36767|RDGC_ECOLI	1.00	target_target
sp|P0A7L0|RL1_ECOLI-sp|P0C018|RL18_ECOLI	1.00	target_target
sp|P0A7J7|RL11_ECOLI-sp|P0AEU7|SKP_ECOLI	1.00	target_target
sp|P0ACF0|DBHA_ECOLI-sp|P0C018|RL18_ECOLI	1.00	target_target
sp|P0A707|IF3_ECOLI-sp|P0A7W1|RS5_ECOLI	1.00	target_target
sp|P0A7K2|RL7_ECOLI-sp|P68919|RL25_ECOLI	1.00	target_target
sp|P00579|RPOD_ECOLI-sp|P0A7Z4|RPOA_ECOLI	1.00	target_target
sp|P0A6X7|IHFA_ECOLI-sp|P0A7J7|RL11_ECOLI	1.00	target_target
sp|P00579|RPOD_ECOLI-sp|P0ACF0|DBHA_ECOLI	1.00	target_target
sp|P0A6Y8|DNAK_ECOLI-sp|P30850|RNB_ECOLI	1.00	target_target
sp|P09152|NARG_ECOLI-sp|P11349|NARH_ECOLI	1.00	target_target
sp|P0A705|IF2_ECOLI-sp|P68191|SRA_ECOLI	1.00	target_target
sp|P02359|RS7_ECOLI-sp|P0AEU7|SKP_ECOLI	1.00	target_target
sp|P0A9Q1|ARCA_ECOLI-sp|P0ACF4|DBHB_ECOLI	1.00	target_target
sp|P0AEU7|SKP_ECOLI-sp|P62399|RL5_ECOLI	1.00	target_target
sp|P02358|RS6_ECOLI-sp|P02359|RS7_ECOLI	1.00	target_target
sp|P0ACF4|DBHB_ECOLI-sp|P42641|OBG_ECOLI	1.00	target_target
sp|P0A7W1|RS5_ECOLI-sp|P0C018|RL18_ECOLI	1.00	target_target
sp|P02413|RL15_ECOLI-sp|P0A7T3|RS16_ECOLI	1.00	target_target
sp|P0A7U3|RS19_ECOLI-sp|P0A7Z4|RPOA_ECOLI	1.00	target_target
sp|P0A7R5|RS10_ECOLI-sp|P0ACF0|DBHA_ECOLI	1.00	target_target
sp|P0A8N5|SYK2_ECOLI-sp|P0A9B2|G3P1_ECOLI	1.00	target_target
sp|P0A7S3|RS12_ECOLI-sp|P0A7Z4|RPOA_ECOLI	1.00	target_target
sp|P0A8T7|RPOC_ECOLI-sp|P60240|RAPA_ECOLI	1.00	target_target
sp|P0A7U7|RS20_ECOLI-sp|P0ACF4|DBHB_ECOLI	1.00	target_target
sp|P75863|YCBX_ECOLI-sp|P75863|YCBX_ECOLI	1.00	target_target
sp|P13036|FECA_ECOLI-sp|P13036|FECA_ECOLI	1.00	target_target
sp|P0A6B7|ISCS_ECOLI-sp|P0A9P0|DLDH_ECOLI	1.00	target_target
sp|P11447|ARLY_ECOLI-sp|P11447|ARLY_ECOLI	1.00	target_target
sp|P24230|RECG_ECOLI-sp|P24230|RECG_ECOLI	1.00	target_target
sp|P0A998|FTNA_ECOLI-sp|P0A998|FTNA_ECOLI	1.00	target_target
sp|P16525|TUS_ECOLI-sp|P16525|TUS_ECOLI	1.00	target_target
sp|P0A8G3|UXAC_ECOLI-sp|P0A8G3|UXAC_ECOLI	1.00	target_target
sp|P0A948|RIMJ_ECOLI-sp|P0A948|RIMJ_ECOLI	1.00	target_target
sp|P0ACR9|MPRA_ECOLI-sp|P0ACR9|MPRA_ECOLI	1.00	target_target
sp|P25888|RHLE_ECOLI-sp|P25888|RHLE_ECOLI	1.00	target_target
sp|P0ACL9|PDHR_ECOLI-sp|P0ACL9|PDHR_ECOLI	1.00	target_target
sp|P04982|RBSD_ECOLI-sp|P04982|RBSD_ECOLI	1.00	target_target
sp|P26616|MAO1_ECOLI-sp|P26616|MAO1_ECOLI	1.00	target_target
sp|P0AF08|APBC_ECOLI-sp|P0AF08|APBC_ECOLI	1.00	target_target
sp|P50457|PUUE_ECOLI-sp|P50457|PUUE_ECOLI	1.00	target_target
sp|P21170|SPEA_ECOLI-sp|P21170|SPEA_ECOLI	1.00	target_target
sp|P0A794|PDXJ_ECOLI-sp|P0A794|PDXJ_ECOLI	1.00	target_target
sp|P0ADR6|RLMM_ECOLI-sp|P0ADR6|RLMM_ECOLI	1.00	target_target
sp|P75767|GNGF_ECOLI-sp|P75767|GNGF_ECOLI	1.00	target_target
sp|P39199|PRMB_ECOLI-sp|P39199|PRMB_ECOLI	1.00	target_target
sp|P0A722|LPXA_ECOLI-sp|P0A722|LPXA_ECOLI	1.00	target_target
sp|P0ACQ4|OXYR_ECOLI-sp|P0ACQ4|OXYR_ECOLI	1.00	target_target
sp|P31475|YIEP_ECOLI-sp|P31475|YIEP_ECOLI	1.00	target_target
sp|P04993|RECD_ECOLI-sp|P04993|RECD_ECOLI	1.00	target_target
sp|P05804|BGLR_ECOLI-sp|P05804|BGLR_ECOLI	1.00	target_target
sp|P0ACY9|YEBG_ECOLI-sp|P0ACY9|YEBG_ECOLI	1.00	target_target
sp|P0AFD1|NUOE_ECOLI-sp|P0AFD1|NUOE_ECOLI	1.00	target_target
sp|P0AEW6|INGK_ECOLI-sp|P0AEW6|INGK_ECOLI	1.00	target_target
sp|P22525|YCBB_ECOLI-sp|P22525|YCBB_ECOLI	1.00	target_target
sp|P37903|USPF_ECOLI-sp|P37903|USPF_ECOLI	1.00	target_target
sp|P69922|FUCI_ECOLI-sp|P69922|FUCI_ECOLI	1.00	target_target
sp|P04825|AMPN_ECOLI-sp|P04825|AMPN_ECOLI	1.00	target_target
sp|P07650|TYPH_ECOLI-sp|P07650|TYPH_ECOLI	1.00	target_target
sp|P27249|GLND_ECOLI-sp|P27249|GLND_ECOLI	1.00	target_target
sp|P0A799|PGK_ECOLI-sp|P0A799|PGK_ECOLI	1.00	target_target
sp|P0AA43|RSUA_ECOLI-sp|P0AA43|RSUA_ECOLI	1.00	target_target
sp|P37338|GLAR_ECOLI-sp|P37338|GLAR_ECOLI	1.00	target_target
sp|P75864|RLMKL_ECOLI-sp|P75864|RLMKL_ECOLI	1.00	target_target
sp|P76086|PAAX_ECOLI-sp|P76086|PAAX_ECOLI	1.00	target_target
sp|P0AG90|SECD_ECOLI-sp|P0AG90|SECD_ECOLI	1.00	target_target
sp|P42596|RLMG_ECOLI-sp|P42596|RLMG_ECOLI	1.00	target_target
sp|P0A7B5|PROB_ECOLI-sp|P0A7B5|PROB_ECOLI	1.00	target_target
sp|P77615|YCJW_ECOLI-sp|P77615|YCJW_ECOLI	1.00	target_target
sp|P60651|SPEB_ECOLI-sp|P60651|SPEB_ECOLI	1.00	target_target
sp|P04995|EX1_ECOLI-sp|P04995|EX1_ECOLI	1.00	target_target
sp|P36771|LRHA_ECOLI-sp|P36771|LRHA_ECOLI	1.00	target_target
sp|P0AFS3|FOLM_ECOLI-sp|P0AFS3|FOLM_ECOLI	1.00	target_target
sp|P39377|IADA_ECOLI-sp|P39377|IADA_ECOLI	1.00	target_target
sp|P0AG63|RS17_ECOLI-sp|P0AG63|RS17_ECOLI	1.00	target_target
sp|P33371|DUSC_ECOLI-sp|P33371|DUSC_ECOLI	1.00	target_target
sp|P07023|TYRA_ECOLI-sp|P07023|TYRA_ECOLI	1.00	target_target
sp|P31434|XYLS_ECOLI-sp|P31434|XYLS_ECOLI	1.00	target_target
sp|P0A6R3|FIS_ECOLI-sp|P0A6R3|FIS_ECOLI	1.00	target_target
sp|P0AF36|ZAPB_ECOLI-sp|P0AF36|ZAPB_ECOLI	1.00	target_target
sp|P0A6X7|IHFA_ECOLI-sp|P0A6Y1|IHFB_ECOLI	1.00	target_target
sp|P0A786|PYRB_ECOLI-sp|P0A7F3|PYRI_ECOLI	1.00	target_target
sp|P02359|RS7_ECOLI-sp|P0ACF4|DBHB_ECOLI	1.00	target_target
sp|P00579|RPOD_ECOLI-sp|P00579|RPOD_ECOLI	1.00	target_target
sp|P69910|DCEB_ECOLI-sp|P69910|DCEB_ECOLI	1.00	target_target
sp|P45577|PROQ_ECOLI-sp|P45577|PROQ_ECOLI	1.00	target_target
sp|Q46851|GPR_ECOLI-sp|Q46851|GPR_ECOLI	1.00	target_target
sp|P77674|ABDH_ECOLI-sp|P77674|ABDH_ECOLI	1.00	target_target
sp|P0A817|METK_ECOLI-sp|P0A817|METK_ECOLI	1.00	target_target
sp|P35340|AHPF_ECOLI-sp|P35340|AHPF_ECOLI	1.00	target_target
sp|P13029|KATG_ECOLI-sp|P13029|KATG_ECOLI	1.00	target_target
sp|P08200|IDH_ECOLI-sp|P08200|IDH_ECOLI	1.00	target_target
sp|P0ACJ8|CRP_ECOLI-sp|P0ACJ8|CRP_ECOLI	1.00	target_target
sp|P0A7V0|RS2_ECOLI-sp|P0A7V0|RS2_ECOLI	1.00	target_target
sp|P60757|HIS1_ECOLI-sp|P60757|HIS1_ECOLI	1.00	target_target
sp|P0AB91|AROG_ECOLI-sp|P0AB91|AROG_ECOLI,sp|P00888|AROF_ECOLI	1.00	target_target
sp|P25553|ALDA_ECOLI-sp|P25553|ALDA_ECOLI	1.00	target_target
sp|P0AB89|PUR8_ECOLI-sp|P0AB89|PUR8_ECOLI	1.00	target_target
sp|P68191|SRA_ECOLI-sp|P68191|SRA_ECOLI	1.00	target_target
sp|P0ABK5|CYSK_ECOLI-sp|P0ABK5|CYSK_ECOLI	1.00	target_target
sp|P0DMC7|RCSB_ECOLI-sp|P0DMC7|RCSB_ECOLI	1.00	target_target
sp|P0AGE0|SSB_ECOLI-sp|P0AGE0|SSB_ECOLI	1.00	target_target
sp|P0A7U7|RS20_ECOLI-sp|P0A7U7|RS20_ECOLI	1.00	target_target
sp|P38038|CYSJ_ECOLI-sp|P38038|CYSJ_ECOLI	1.00	target_target
sp|P0A7V8|RS4_ECOLI-sp|P0A7V8|RS4_ECOLI	1.00	target_target
sp|P21177|FADB_ECOLI-sp|P21177|FADB_ECOLI	1.00	target_target
sp|P0A850|TIG_ECOLI-sp|P0A850|TIG_ECOLI	1.00	target_target
sp|P0C0V0|DEGP_ECOLI-sp|P0C0V0|DEGP_ECOLI	1.00	target_target
sp|P21889|SYD_ECOLI-sp|P21889|SYD_ECOLI	1.00	target_target
sp|P69910|DCEB_ECOLI-sp|P69910|DCEB_ECOLI,sp|P69908|DCEA_ECOLI	1.00	target_target
sp|P0ADZ0|RL23_ECOLI-sp|P0ADZ0|RL23_ECOLI	1.00	target_target
sp|P00350|6PGD_ECOLI-sp|P00350|6PGD_ECOLI	1.00	target_target
sp|P52643|LDHD_ECOLI-sp|P52643|LDHD_ECOLI	1.00	target_target
sp|P0AFF6|NUSA_ECOLI-sp|P0AFF6|NUSA_ECOLI	1.00	target_target
sp|P0A8T7|RPOC_ECOLI-sp|P0A8T7|RPOC_ECOLI	1.00	target_target
sp|P0A7V3|RS3_ECOLI-sp|P0A7V3|RS3_ECOLI	1.00	target_target
sp|P17445|BETB_ECOLI-sp|P17445|BETB_ECOLI	1.00	target_target
sp|P07395|SYFB_ECOLI-sp|P07395|SYFB_ECOLI	1.00	target_target
sp|P0A9K3|PHOL_ECOLI-sp|P0A9K3|PHOL_ECOLI	1.00	target_target
sp|P0A825|GLYA_ECOLI-sp|P0A825|GLYA_ECOLI	1.00	target_target
sp|P0A9Q7|ADHE_ECOLI-sp|P0A9Q7|ADHE_ECOLI	1.00	target_target
sp|P08312|SYFA_ECOLI-sp|P08312|SYFA_ECOLI	1.00	target_target
sp|P76062|RACR_ECOLI-sp|P76062|RACR_ECOLI	1.00	target_target
sp|P0A7E5|PYRG_ECOLI-sp|P0A7E5|PYRG_ECOLI	1.00	target_target
sp|P00961|SYGB_ECOLI-sp|P00961|SYGB_ECOLI	1.00	target_target
sp|P60723|RL4_ECOLI-sp|P60723|RL4_ECOLI	1.00	target_target
sp|P0A705|IF2_ECOLI-sp|P0A705|IF2_ECOLI	1.00	target_target
sp|P0A7J7|RL11_ECOLI-sp|P0A7J7|RL11_ECOLI	1.00	target_target
sp|P00561|AK1H_ECOLI-sp|P00561|AK1H_ECOLI	1.00	target_target
sp|P0AES6|GYRB_ECOLI-sp|P0AES6|GYRB_ECOLI	1.00	target_target
sp|P0A8L1|SYS_ECOLI-sp|P0A8L1|SYS_ECOLI	1.00	target_target
sp|P0ACF0|DBHA_ECOLI-sp|P0ACF0|DBHA_ECOLI	1.00	target_target
sp|P0A7R1|RL9_ECOLI-sp|P0A7R1|RL9_ECOLI	1.00	target_target
sp|P0ABP8|DEOD_ECOLI-sp|P0ABP8|DEOD_ECOLI	1.00	target_target
sp|P62707|GPMA_ECOLI-sp|P62707|GPMA_ECOLI	1.00	target_target
sp|P0AC41|SDHA_ECOLI-sp|P0AC41|SDHA_ECOLI	1.00	target_target
sp|P0AG59|RS14_ECOLI-sp|P0AG59|RS14_ECOLI	1.00	target_target
sp|P0A8M6|YEEX_ECOLI-sp|P0A8M6|YEEX_ECOLI	1.00	target_target
sp|P07003|POXB_ECOLI-sp|P07003|POXB_ECOLI	1.00	target_target
sp|P46837|YHGF_ECOLI-sp|P46837|YHGF_ECOLI	1.00	target_target
sp|P00582|DPO1_ECOLI-sp|P00582|DPO1_ECOLI	1.00	target_target
sp|P0A7B1|PPK1_ECOLI-sp|P0A7B1|PPK1_ECOLI	1.00	target_target
sp|P14407|FUMB_ECOLI,sp|P0AC33|FUMA_ECOLI-sp|P14407|FUMB_ECOLI,sp|P0AC33|FUMA_ECOLI	1.00	target_target
sp|P64581|YQJD_ECOLI-sp|P64581|YQJD_ECOLI	1.00	target_target
sp|P15254|PUR4_ECOLI-sp|P15254|PUR4_ECOLI	1.00	target_target
sp|P0AE78|CORC_ECOLI-sp|P0AE78|CORC_ECOLI	1.00	target_target
sp|P17169|GLMS_ECOLI-sp|P17169|GLMS_ECOLI	1.00	target_target
sp|P0A9Q1|ARCA_ECOLI-sp|P0A9Q1|ARCA_ECOLI	1.00	target_target
sp|P0A809|RUVA_ECOLI-sp|P0A809|RUVA_ECOLI	1.00	target_target
sp|P0C018|RL18_ECOLI-sp|P0C018|RL18_ECOLI	1.00	target_target
sp|P68919|RL25_ECOLI-sp|P68919|RL25_ECOLI	1.00	target_target
sp|P23865|PRC_ECOLI-sp|P23865|PRC_ECOLI	1.00	target_target
sp|P37765|RLUB_ECOLI-sp|P37765|RLUB_ECOLI	1.00	target_target
sp|P0ACG1|STPA_ECOLI-sp|P0ACG1|STPA_ECOLI	1.00	target_target
sp|P00370|DHE4_ECOLI-sp|P00370|DHE4_ECOLI	1.00	target_target
sp|P0ACY3|YEAG_ECOLI-sp|P0ACY3|YEAG_ECOLI	1.00	target_target
sp|P0AG16|PUR1_ECOLI-sp|P0AG16|PUR1_ECOLI	1.00	target_target
sp|P0A7S3|RS12_ECOLI-sp|P0A832|SSRP_ECOLI	1.00	target_target
sp|P62399|RL5_ECOLI-sp|P62399|RL5_ECOLI	1.00	target_target
sp|P60624|RL24_ECOLI-sp|P60624|RL24_ECOLI	1.00	target_target
sp|P0A8N5|SYK2_ECOLI-sp|P0A8N5|SYK2_ECOLI,sp|P0A8N3|SYK1_ECOLI	1.00	target_target
sp|P69908|DCEA_ECOLI-sp|P69910|DCEB_ECOLI,sp|P69908|DCEA_ECOLI	1.00	target_target
sp|P0A8G9|EX7S_ECOLI-sp|P0A8G9|EX7S_ECOLI	1.00	target_target
sp|P10408|SECA_ECOLI-sp|P10408|SECA_ECOLI	1.00	target_target
sp|P0AGJ9|SYY_ECOLI-sp|P0AGJ9|SYY_ECOLI	1.00	target_target
sp|P12008|AROC_ECOLI-sp|P12008|AROC_ECOLI	1.00	target_target
sp|P06959|ODP2_ECOLI-sp|P06959|ODP2_ECOLI	1.00	target_target
sp|P0A6H1|CLPX_ECOLI-sp|P0A6H1|CLPX_ECOLI	1.00	target_target
sp|P46889|FTSK_ECOLI-sp|P46889|FTSK_ECOLI	1.00	target_target
sp|P0A7Y0|RNC_ECOLI-sp|P0A7Y0|RNC_ECOLI	1.00	target_target
sp|P00452|RIR1_ECOLI-sp|P00452|RIR1_ECOLI	1.00	target_target
sp|P04949|FLIC_ECOLI-sp|P04949|FLIC_ECOLI	1.00	target_target
sp|P61175|RL22_ECOLI-sp|P61175|RL22_ECOLI	1.00	target_target
sp|P0AE08|AHPC_ECOLI-sp|P0AE08|AHPC_ECOLI	1.00	target_target
sp|P0A7M2|RL28_ECOLI-sp|P0A7M2|RL28_ECOLI	1.00	target_target
sp|P0A7E9|PYRH_ECOLI-sp|P0A7E9|PYRH_ECOLI	1.00	target_target
sp|P21179|CATE_ECOLI-sp|P21179|CATE_ECOLI	1.00	target_target
sp|P21599|KPYK2_ECOLI-sp|P21599|KPYK2_ECOLI	1.00	target_target
sp|P06710|DPO3X_ECOLI-sp|P06710|DPO3X_ECOLI	1.00	target_target
sp|P21499|RNR_ECOLI-sp|P21499|RNR_ECOLI	1.00	target_target
sp|P13009|METH_ECOLI-sp|P13009|METH_ECOLI	1.00	target_target
sp|P00960|SYGA_ECOLI-sp|P00960|SYGA_ECOLI	1.00	target_target
sp|P67910|HLDD_ECOLI-sp|P67910|HLDD_ECOLI	1.00	target_target
sp|P0AEH5|ELAB_ECOLI-sp|P0AEH5|ELAB_ECOLI	1.00	target_target
sp|P0ACF4|DBHB_ECOLI-sp|P0ACF4|DBHB_ECOLI	1.00	target_target
sp|P0AG55|RL6_ECOLI-sp|P0AG55|RL6_ECOLI	1.00	target_target
sp|P0A6P1|EFTS_ECOLI-sp|P0A6P1|EFTS_ECOLI	1.00	target_target
sp|P17854|CYSH_ECOLI-sp|P17854|CYSH_ECOLI	1.00	target_target
sp|P0AFI2|PARC_ECOLI-sp|P0AFI2|PARC_ECOLI	1.00	target_target
sp|P0A6L2|DAPA_ECOLI-sp|P0A6L2|DAPA_ECOLI	1.00	target_target
sp|P76143|LSRF_ECOLI-sp|P76143|LSRF_ECOLI	1.00	target_target
sp|P69910|DCEB_ECOLI,sp|P69908|DCEA_ECOLI-sp|P69910|DCEB_ECOLI,sp|P69908|DCEA_ECOLI	1.00	target_target
sp|P0AEK4|FABI_ECOLI-sp|P0AEK4|FABI_ECOLI	1.00	target_target
sp|P31660|PRPC_ECOLI-sp|P31660|PRPC_ECOLI	1.00	target_target
sp|P0A9H7|CFA_ECOLI-sp|P0A9H7|CFA_ECOLI	1.00	target_target
sp|P0AG20|RELA_ECOLI-sp|P0AG20|RELA_ECOLI	1.00	target_target
sp|P0A6P9|ENO_ECOLI-sp|P0A6P9|ENO_ECOLI	1.00	target_target
sp|P0A7S3|RS12_ECOLI-sp|P0A7S3|RS12_ECOLI	1.00	target_target
sp|P0A707|IF3_ECOLI-sp|P0A707|IF3_ECOLI	1.00	target_target
sp|P52095|DCLZ_ECOLI-sp|P52095|DCLZ_ECOLI	1.00	target_target
sp|P27302|TKT1_ECOLI-sp|P27302|TKT1_ECOLI	1.00	target_target
sp|P06612|TOP1_ECOLI-sp|P06612|TOP1_ECOLI	1.00	target_target
sp|P0A7L3|RL20_ECOLI-sp|P0A7L3|RL20_ECOLI	1.00	target_target
sp|P0A858|TPIS_ECOLI-sp|P0A858|TPIS_ECOLI	1.00	target_target
sp|P05042|FUMC_ECOLI-sp|P05042|FUMC_ECOLI	1.00	target_target
sp|P0A7W1|RS5_ECOLI-sp|P0A7W1|RS5_ECOLI	1.00	target_target
sp|P0A9M0|LON_ECOLI-sp|P0A9M0|LON_ECOLI	1.00	target_target
sp|P0A8N3|SYK1_ECOLI-sp|P0A8N5|SYK2_ECOLI,sp|P0A8N3|SYK1_ECOLI	1.00	target_target
sp|P09831|GLTB_ECOLI-sp|P09831|GLTB_ECOLI	1.00	target_target
sp|P00490|PHSM_ECOLI-sp|P00490|PHSM_ECOLI	1.00	target_target
sp|P42641|OBG_ECOLI-sp|P42641|OBG_ECOLI	1.00	target_target
sp|P05055|PNP_ECOLI-sp|P05055|PNP_ECOLI	1.00	target_target
sp|P76658|HLDE_ECOLI-sp|P76658|HLDE_ECOLI	1.00	target_target
sp|P0A7Z4|RPOA_ECOLI-sp|P0A7Z4|RPOA_ECOLI	1.00	target_target
sp|P0A9J8|CMPDT_ECOLI-sp|P0A9J8|CMPDT_ECOLI	1.00	target_target
sp|P0ACP7|PURR_ECOLI-sp|P0ACP7|PURR_ECOLI	1.00	target_target
sp|P0ADR8|PPNN_ECOLI-sp|P0ADR8|PPNN_ECOLI	1.00	target_target
sp|P0A6Y1|IHFB_ECOLI-sp|P0A6Y1|IHFB_ECOLI	1.00	target_target
sp|P0AGJ5|YFIF_ECOLI-sp|P0AGJ5|YFIF_ECOLI	1.00	target_target
sp|P08622|DNAJ_ECOLI-sp|P08622|DNAJ_ECOLI	1.00	target_target
sp|P0A6F1|CARA_ECOLI-sp|P0A6F1|CARA_ECOLI	1.00	target_target
sp|P0A7A9|IPYR_ECOLI-sp|P0A7A9|IPYR_ECOLI	1.00	target_target
sp|P04425|GSHB_ECOLI-sp|P04425|GSHB_ECOLI	1.00	target_target
sp|P0ADG7|IMDH_ECOLI-sp|P0ADG7|IMDH_ECOLI	1.00	target_target
sp|P37051|PURU_ECOLI-sp|P37051|PURU_ECOLI	1.00	target_target
sp|P0A6Z3|HTPG_ECOLI-sp|P0A6Z3|HTPG_ECOLI	1.00	target_target
sp|P04079|GUAA_ECOLI-sp|P04079|GUAA_ECOLI	1.00	target_target
sp|P0A7U3|RS19_ECOLI-sp|P0A7U3|RS19_ECOLI	1.00	target_target
sp|P00968|CARB_ECOLI-sp|P00968|CARB_ECOLI	1.00	target_target
sp|P09373|PFLB_ECOLI-sp|P09373|PFLB_ECOLI	1.00	target_target
sp|P0ADN2|YIFE_ECOLI-sp|P0ADN2|YIFE_ECOLI	1.00	target_target
sp|P09832|GLTD_ECOLI-sp|P09832|GLTD_ECOLI	1.00	target_target
sp|P00959|SYM_ECOLI-sp|P00959|SYM_ECOLI	1.00	target_target
sp|P0ADS6|YGGE_ECOLI-sp|P0ADS6|YGGE_ECOLI	1.00	target_target
sp|P23830|PSS_ECOLI-sp|P23830|PSS_ECOLI	1.00	target_target
sp|P0AC33|FUMA_ECOLI-sp|P14407|FUMB_ECOLI,sp|P0AC33|FUMA_ECOLI	1.00	target_target
sp|P0AD61|KPYK1_ECOLI-sp|P0AD61|KPYK1_ECOLI	1.00	target_target
sp|P37685|ALDB_ECOLI-sp|P37685|ALDB_ECOLI	1.00	target_target
sp|P16659|SYP_ECOLI-sp|P16659|SYP_ECOLI	1.00	target_target
sp|P0AGE9|SUCD_ECOLI-sp|P0AGE9|SUCD_ECOLI	1.00	target_target
sp|P0A8V2|RPOB_ECOLI-sp|P0A8V2|RPOB_ECOLI	1.00	target_target
sp|P02359|RS7_ECOLI-sp|P02359|RS7_ECOLI	1.00	target_target
sp|P0A9T0|SERA_ECOLI-sp|P0A9T0|SERA_ECOLI	1.00	target_target
sp|P0A9P0|DLDH_ECOLI-sp|P0A9P0|DLDH_ECOLI	1.00	target_target
sp|P11071|ACEK_ECOLI-sp|P11071|ACEK_ECOLI	1.00	target_target
sp|P0A6B7|ISCS_ECOLI-sp|P0A6B7|ISCS_ECOLI	1.00	target_target
sp|P0A6M8|EFG_ECOLI-sp|P0A6M8|EFG_ECOLI	1.00	target_target
sp|P0ABU0|MENB_ECOLI-sp|P0ABU0|MENB_ECOLI	1.00	target_target
sp|P0A9M8|PTA_ECOLI-sp|P0A9M8|PTA_ECOLI	1.00	target_target
sp|P60422|RL2_ECOLI-sp|P60422|RL2_ECOLI	1.00	target_target
sp|P76403|YEGQ_ECOLI-sp|P76403|YEGQ_ECOLI	1.00	target_target
sp|P0A6Y8|DNAK_ECOLI-sp|P0A6Y8|DNAK_ECOLI	1.00	target_target
sp|P0AFG6|ODO2_ECOLI-sp|P0AFG6|ODO2_ECOLI	1.00	target_target
sp|P33570|TKT2_ECOLI-sp|P33570|TKT2_ECOLI	1.00	target_target
sp|P15288|PEPD_ECOLI-sp|P15288|PEPD_ECOLI	1.00	target_target
sp|P77243|PRPD_ECOLI-sp|P77243|PRPD_ECOLI	1.00	target_target
sp|P0A6F3|GLPK_ECOLI-sp|P0A6F3|GLPK_ECOLI	1.00	target_target
sp|P0AFG8|ODP1_ECOLI-sp|P0AFG8|ODP1_ECOLI	1.00	target_target
sp|P63284|CLPB_ECOLI-sp|P63284|CLPB_ECOLI	1.00	target_target
sp|P0A9B2|G3P1_ECOLI-sp|P0A9B2|G3P1_ECOLI	1.00	target_target
sp|P31663|PANC_ECOLI-sp|P31663|PANC_ECOLI	1.00	target_target
sp|P07813|SYL_ECOLI-sp|P07813|SYL_ECOLI	1.00	target_target
sp|P07004|PROA_ECOLI-sp|P07004|PROA_ECOLI	1.00	target_target
sp|P69776|LPP_ECOLI-sp|P69776|LPP_ECOLI	1.00	target_target
sp|P0A6V1|GLGC_ECOLI-sp|P0A6V1|GLGC_ECOLI	1.00	target_target
sp|P0ACB2|HEM2_ECOLI-sp|P0ACB2|HEM2_ECOLI	1.00	target_target
sp|P0AG67|RS1_ECOLI-sp|P0AG67|RS1_ECOLI	1.00	target_target
sp|P0A836|SUCC_ECOLI-sp|P0A836|SUCC_ECOLI	1.00	target_target
sp|P02358|RS6_ECOLI-sp|P02358|RS6_ECOLI	1.00	target_target
sp|P0A8X0|YJGA_ECOLI-sp|P0A8X0|YJGA_ECOLI	1.00	target_target
sp|P0ABH7|CISY_ECOLI-sp|P0ABH7|CISY_ECOLI	1.00	target_target
sp|P00957|SYA_ECOLI-sp|P00957|SYA_ECOLI	1.00	target_target
sp|P0A832|SSRP_ECOLI-sp|P0A832|SSRP_ECOLI	1.00	target_target
sp|P0A786|PYRB_ECOLI-sp|P0A786|PYRB_ECOLI	1.00	target_target
sp|P25526|GABD_ECOLI-sp|P25526|GABD_ECOLI	1.00	target_target
sp|P0A7L0|RL1_ECOLI-sp|P0A7L0|RL1_ECOLI	1.00	target_target
sp|P0A8N5|SYK2_ECOLI-sp|P0A8N5|SYK2_ECOLI	1.00	target_target
sp|P00864|CAPP_ECOLI-sp|P00864|CAPP_ECOLI	1.00	target_target
sp|P17846|CYSI_ECOLI-sp|P17846|CYSI_ECOLI	1.00	target_target
sp|P0AG30|RHO_ECOLI-sp|P0AG30|RHO_ECOLI	1.00	target_target
sp|P0A991|ALF1_ECOLI-sp|P0A991|ALF1_ECOLI	1.00	target_target
sp|P77541|PRPB_ECOLI-sp|P77541|PRPB_ECOLI	1.00	target_target
sp|P0A9A6|FTSZ_ECOLI-sp|P0A9A6|FTSZ_ECOLI	1.00	target_target
sp|P0AEU7|SKP_ECOLI-sp|P0AEU7|SKP_ECOLI	1.00	target_target
sp|P60240|RAPA_ECOLI-sp|P60240|RAPA_ECOLI	1.00	target_target
sp|P75949|NAGZ_ECOLI-sp|P75949|NAGZ_ECOLI	1.00	target_target
sp|P0A6F5|CH60_ECOLI-sp|P0A6F5|CH60_ECOLI	1.00	target_target
sp|P0ACN4|ALLR_ECOLI-sp|P0ACN4|ALLR_ECOLI	1.00	target_target
sp|P76558|MAO2_ECOLI-sp|P76558|MAO2_ECOLI	1.00	target_target
sp|P0A7K2|RL7_ECOLI-sp|P0A7K2|RL7_ECOLI	1.00	target_target
sp|P0A6H5|HSLU_ECOLI-sp|P0A6H5|HSLU_ECOLI	1.00	target_target
sp|P0A7K6|RL19_ECOLI-sp|P0A7K6|RL19_ECOLI	1.00	target_target
sp|P0AC53|G6PD_ECOLI-sp|P0AC53|G6PD_ECOLI	1.00	target_target
sp|P0A7J3|RL10_ECOLI-sp|P0A7J3|RL10_ECOLI	1.00	target_target
sp|P0A8M3|SYT_ECOLI-sp|P0A8M3|SYT_ECOLI	1.00	target_target
sp|P08839|PT1_ECOLI-sp|P08839|PT1_ECOLI	1.00	target_target
sp|P0A853|TNAA_ECOLI-sp|P0A853|TNAA_ECOLI	1.00	target_target
sp|P36683|ACNB_ECOLI-sp|P36683|ACNB_ECOLI	1.00	target_target
sp|P0A715|KDSA_ECOLI-sp|P0A715|KDSA_ECOLI	1.00	target_target
sp|P0A8F0|UPP_ECOLI-sp|P0A8F0|UPP_ECOLI	1.00	target_target
sp|P0ACX5|FUMD_ECOLI-sp|P0ACX5|FUMD_ECOLI	1.00	target_target
sp|P0CE47|EFTU1_ECOLI-sp|P0CE47|EFTU1_ECOLI,sp|P0CE48|EFTU2_ECOLI	1.00	target_target
sp|P09372|GRPE_ECOLI-sp|P09372|GRPE_ECOLI	1.00	target_target
sp|P21362|YCIF_ECOLI-sp|P21362|YCIF_ECOLI	1.00	target_target
sp|P33643|RLUD_ECOLI-sp|P33643|RLUD_ECOLI	1.00	target_target
sp|P22256|GABT_ECOLI-sp|P22256|GABT_ECOLI	1.00	target_target
sp|P76104|RLHA_ECOLI-sp|P76104|RLHA_ECOLI	1.00	target_target
sp|P0ABT2|DPS_ECOLI-sp|P0ABT2|DPS_ECOLI	1.00	target_target
sp|P0A790|PAND_ECOLI-sp|P0A790|PAND_ECOLI	1.00	target_target
sp|P0ABD5|ACCA_ECOLI-sp|P0ABD5|ACCA_ECOLI	1.00	target_target
sp|P64624|YHEO_ECOLI-sp|P64624|YHEO_ECOLI	1.00	target_target
sp|P06987|HIS7_ECOLI-sp|P06987|HIS7_ECOLI	1.00	target_target
sp|P39829|GARD_ECOLI-sp|P39829|GARD_ECOLI	1.00	target_target
sp|P32132|TYPA_ECOLI-sp|P32132|TYPA_ECOLI	1.00	target_target
sp|P05793|ILVC_ECOLI-sp|P05793|ILVC_ECOLI,rev_sp|P05793|ILVC_ECOLI	1.00	target_target
sp|P0A7L8|RL27_ECOLI-sp|P0A7L8|RL27_ECOLI	1.00	target_target
sp|P0A9L8|P5CR_ECOLI-sp|P0A9L8|P5CR_ECOLI	1.00	target_target
sp|P0A759|NAGB_ECOLI-sp|P0A759|NAGB_ECOLI	1.00	target_target
sp|P0ACF8|HNS_ECOLI-sp|P0ACF8|HNS_ECOLI	1.00	target_target
sp|P0AF18|NAGA_ECOLI-sp|P0AF18|NAGA_ECOLI	1.00	target_target
sp|P42588|PAT_ECOLI-sp|P42588|PAT_ECOLI	1.00	target_target
sp|P0A7G6|RECA_ECOLI-sp|P0A7G6|RECA_ECOLI	1.00	target_target
sp|P0ABH9|CLPA_ECOLI-sp|P0ABH9|CLPA_ECOLI	1.00	target_target
sp|P0AFH8|OSMY_ECOLI-sp|P0AFH8|OSMY_ECOLI	1.00	target_target
sp|P39452|RIR3_ECOLI-sp|P39452|RIR3_ECOLI	1.00	target_target
sp|P0A7R9|RS11_ECOLI-sp|P0A7R9|RS11_ECOLI	1.00	target_target
sp|P0A9C5|GLN1B_ECOLI-sp|P0A9C5|GLN1B_ECOLI	1.00	target_target
sp|P78055|FSAA_ECOLI-sp|P78055|FSAA_ECOLI	1.00	target_target
sp|P24215|UXUA_ECOLI-sp|P24215|UXUA_ECOLI	1.00	target_target
sp|P76621|GLAH_ECOLI-sp|P76621|GLAH_ECOLI	1.00	target_target
sp|P0AB91|AROG_ECOLI-sp|P0AB91|AROG_ECOLI	1.00	target_target
sp|P0A847|TGT_ECOLI-sp|P0A847|TGT_ECOLI	1.00	target_target
sp|P62768|YAEH_ECOLI-sp|P62768|YAEH_ECOLI	1.00	target_target
sp|P77737|OPPF_ECOLI-sp|P77737|OPPF_ECOLI	1.00	target_target
sp|P13445|RPOS_ECOLI-sp|P13445|RPOS_ECOLI	1.00	target_target
sp|P0AAZ4|RARA_ECOLI-sp|P0AAZ4|RARA_ECOLI	1.00	target_target
sp|P77499|SUFC_ECOLI-sp|P77499|SUFC_ECOLI	1.00	target_target
sp|P04406|G3P_HUMAN,sp|P0A9B2|G3P1_ECOLI-sp|P0A9B2|G3P1_ECOLI	1.00	target_target
sp|P76053|SMRA_ECOLI-sp|P76053|SMRA_ECOLI	1.00	target_target
sp|P0A959|ALAA_ECOLI-sp|P0A959|ALAA_ECOLI	1.00	target_target
sp|P21338|RNI_ECOLI-sp|P21338|RNI_ECOLI	1.00	target_target
sp|P0AES0|GSP_ECOLI-sp|P0AES0|GSP_ECOLI	1.00	target_target
sp|P33920|NDPA_ECOLI-sp|P33920|NDPA_ECOLI	1.00	target_target
sp|P06149|DLD_ECOLI-sp|P06149|DLD_ECOLI	1.00	target_target
sp|P10121|FTSY_ECOLI-sp|P10121|FTSY_ECOLI	1.00	target_target
sp|P77455|PAAZ_ECOLI-sp|P77455|PAAZ_ECOLI	1.00	target_target
sp|P69451|LCFA_ECOLI-sp|P69451|LCFA_ECOLI	1.00	target_target
sp|P03018|UVRD_ECOLI-sp|P03018|UVRD_ECOLI	1.00	target_target
sp|P77522|SUFB_ECOLI-sp|P77522|SUFB_ECOLI	1.00	target_target
sp|P52647|NIFJ_ECOLI-sp|P52647|NIFJ_ECOLI	1.00	target_target
sp|P24182|ACCC_ECOLI-sp|P24182|ACCC_ECOLI	1.00	target_target
sp|P0A7T3|RS16_ECOLI-sp|P0A7T3|RS16_ECOLI	1.00	target_target
sp|P0AC38|ASPA_ECOLI-sp|P0AC38|ASPA_ECOLI	1.00	target_target
sp|P31979|NUOF_ECOLI-sp|P31979|NUOF_ECOLI	1.00	target_target
sp|P04391|OTC1_ECOLI,sp|P06960|OTC2_ECOLI-sp|P04391|OTC1_ECOLI,sp|P06960|OTC2_ECOLI	1.00	target_target
sp|P03023|LACI_ECOLI-sp|P03023|LACI_ECOLI	1.00	target_target
sp|P27306|STHA_ECOLI-sp|P27306|STHA_ECOLI	1.00	target_target
sp|P12758|UDP_ECOLI-sp|P12758|UDP_ECOLI	1.00	target_target
sp|P14407|FUMB_ECOLI-sp|P14407|FUMB_ECOLI,sp|P0AC33|FUMA_ECOLI	1.00	target_target
sp|P21367|YCAC_ECOLI-sp|P21367|YCAC_ECOLI	1.00	target_target
sp|P0CE47|EFTU1_ECOLI,sp|P0CE48|EFTU2_ECOLI-sp|P0CE48|EFTU2_ECOLI	1.00	target_target
sp|P76177|YDGH_ECOLI-sp|P76177|YDGH_ECOLI	1.00	target_target
sp|P0AAB6|GALF_ECOLI-sp|P0AAB6|GALF_ECOLI	1.00	target_target
sp|P0A910|OMPA_ECOLI-sp|P0A910|OMPA_ECOLI	1.00	target_target
sp|P55135|RLMD_ECOLI-sp|P55135|RLMD_ECOLI	1.00	target_target
sp|P00895|TRPE_ECOLI-sp|P00895|TRPE_ECOLI	1.00	target_target
sp|P25519|HFLX_ECOLI-sp|P25519|HFLX_ECOLI	1.00	target_target
sp|P32176|FDOG_ECOLI-sp|P32176|FDOG_ECOLI	1.00	target_target
sp|P0A7M6|RL29_ECOLI-sp|P0A7M6|RL29_ECOLI	1.00	target_target
sp|P39366|SGCX_ECOLI-sp|P39366|SGCX_ECOLI	1.00	target_target
sp|P21151|FADA_ECOLI-sp|P21151|FADA_ECOLI	1.00	target_target
sp|P0ACG8|HSLR_ECOLI-sp|P0ACG8|HSLR_ECOLI	1.00	target_target
sp|P0AGB6|RPOE_ECOLI-sp|P0AGB6|RPOE_ECOLI	1.00	target_target
sp|Q46915|GUDX_ECOLI-sp|Q46915|GUDX_ECOLI	1.00	target_target
sp|P0A836|SUCC_ECOLI-sp|P0AGE9|SUCD_ECOLI	1.00	target_target
sp|P02359|RS7_ECOLI-sp|P0A7G2|RBFA_ECOLI	1.00	target_target
sp|P02359|RS7_ECOLI-sp|P0AG67|RS1_ECOLI	1.00	target_target
sp|P0A8T7|RPOC_ECOLI-sp|P0A8V2|RPOB_ECOLI	1.00	target_target
sp|P0A705|IF2_ECOLI-sp|P0A7V3|RS3_ECOLI	1.00	target_target
sp|P0AA89|DOSC_ECOLI-sp|P0AA89|DOSC_ECOLI	1.00	target_target
sp|P0ADT2|YGIB_ECOLI-sp|P0ADT2|YGIB_ECOLI	1.00	target_target
sp|P0A9L3|FKBB_ECOLI-sp|P0A9L3|FKBB_ECOLI	1.00	target_target
sp|P0ACP5|GNTR_ECOLI-sp|P0ACP5|GNTR_ECOLI	1.00	target_target
sp|P06720|AGAL_ECOLI-sp|P06720|AGAL_ECOLI	1.00	target_target
sp|P60560|GUAC_ECOLI-sp|P60560|GUAC_ECOLI	1.00	target_target
sp|P0AG24|SPOT_ECOLI-sp|P0AG24|SPOT_ECOLI	1.00	target_target
sp|P0AAB4|UBID_ECOLI-sp|P0AAB4|UBID_ECOLI	1.00	target_target
sp|P24202|MRR_ECOLI-sp|P24202|MRR_ECOLI	1.00	target_target
sp|P17109|MEND_ECOLI-sp|P17109|MEND_ECOLI	1.00	target_target
sp|P46118|HEXR_ECOLI-sp|P46118|HEXR_ECOLI	1.00	target_target
sp|P07604|TYRR_ECOLI-sp|P07604|TYRR_ECOLI	1.00	target_target
sp|P08957|T1MK_ECOLI-sp|P08957|T1MK_ECOLI	1.00	target_target
sp|P0CF66|INSE1_ECOLI,sp|P0CF67|INSE2_ECOLI,sp|P0CF68|INSE3_ECOLI,sp|P0CF69|INSE4_ECOLI,sp|P0CF70|INSE5_ECOLI-sp|P0CF66|INSE1_ECOLI,sp|P0CF67|INSE2_ECOLI,sp|P0CF68|INSE3_ECOLI,sp|P0CF69|INSE4_ECOLI,sp|P0CF70|INSE5_ECOLI	1.00	target_target
sp|P0AA39|RLUC_ECOLI-sp|P0AA39|RLUC_ECOLI	1.00	target_target
sp|P07024|USHA_ECOLI-sp|P07024|USHA_ECOLI	1.00	target_target
sp|P30015|LHR_ECOLI-sp|P30015|LHR_ECOLI	1.00	target_target
sp|P0A877|TRPA_ECOLI-sp|P0A877|TRPA_ECOLI	1.00	target_target
sp|P04036|DAPB_ECOLI-sp|P04036|DAPB_ECOLI	1.00	target_target
sp|P27298|OPDA_ECOLI-sp|P27298|OPDA_ECOLI	1.00	target_target
sp|P15977|MALQ_ECOLI-sp|P15977|MALQ_ECOLI	1.00	target_target
sp|P02413|RL15_ECOLI-sp|P02413|RL15_ECOLI	1.00	target_target
sp|P0A9G8|MODE_ECOLI-sp|P0A9G8|MODE_ECOLI	1.00	target_target
sp|P19934|TOLA_ECOLI-sp|P19934|TOLA_ECOLI	1.00	target_target
sp|P0A8R9|HDFR_ECOLI-sp|P0A8R9|HDFR_ECOLI	1.00	target_target
sp|P60716|LIPA_ECOLI-sp|P60716|LIPA_ECOLI	1.00	target_target
sp|P21189|DPO2_ECOLI-sp|P21189|DPO2_ECOLI	1.00	target_target
sp|P60293|MUKF_ECOLI-sp|P60293|MUKF_ECOLI	1.00	target_target
sp|P0A698|UVRA_ECOLI-sp|P0A698|UVRA_ECOLI	1.00	target_target
sp|P19636|EUTC_ECOLI-sp|P19636|EUTC_ECOLI	1.00	target_target
sp|P76418|YEGU_ECOLI-sp|P76418|YEGU_ECOLI	1.00	target_target
sp|P0A7G2|RBFA_ECOLI-sp|P0A7G2|RBFA_ECOLI	1.00	target_target
sp|P0A6T5|GCH1_ECOLI-sp|P0A6T5|GCH1_ECOLI	1.00	target_target
sp|P0A6P7|ENGB_ECOLI-sp|P0A6P7|ENGB_ECOLI	1.00	target_target
sp|P24186|FOLD_ECOLI-sp|P24186|FOLD_ECOLI	1.00	target_target
sp|P09546|PUTA_ECOLI-sp|P09546|PUTA_ECOLI	1.00	target_target
sp|P60438|RL3_ECOLI-sp|P60438|RL3_ECOLI	1.00	target_target
sp|P14175|PROV_ECOLI-sp|P14175|PROV_ECOLI	1.00	target_target
sp|P43329|HRPA_ECOLI-sp|P43329|HRPA_ECOLI	1.00	target_target
sp|P69913|CSRA_ECOLI-sp|P69913|CSRA_ECOLI	1.00	target_target
sp|P31120|GLMM_ECOLI-sp|P31120|GLMM_ECOLI	1.00	target_target
sp|P23845|CYSN_ECOLI-sp|P23845|CYSN_ECOLI	1.00	target_target
sp|P30850|RNB_ECOLI-sp|P30850|RNB_ECOLI	1.00	target_target
sp|P0AGD7|SRP54_ECOLI-sp|P0AGD7|SRP54_ECOLI	1.00	target_target
sp|P0A7R5|RS10_ECOLI-sp|P0A7R5|RS10_ECOLI	1.00	target_target
sp|P29745|PEPT_ECOLI-sp|P29745|PEPT_ECOLI	1.00	target_target
sp|P39356|YJHU_ECOLI-sp|P39356|YJHU_ECOLI	1.00	target_target
sp|P0AEH3|ELAA_ECOLI-sp|P0AEH3|ELAA_ECOLI	1.00	target_target
sp|P0A8M0|SYN_ECOLI-sp|P0A8M0|SYN_ECOLI	1.00	target_target
sp|P0AEZ9|MOAB_ECOLI-sp|P0AEZ9|MOAB_ECOLI	1.00	target_target
sp|P0A6Z1|HSCA_ECOLI-sp|P0A6Z1|HSCA_ECOLI	1.00	target_target
sp|P0AC86|PHSG_ECOLI-sp|P0AC86|PHSG_ECOLI	1.00	target_target
sp|P36938|PGM_ECOLI-sp|P36938|PGM_ECOLI	1.00	target_target
sp|P08201|NIRB_ECOLI-sp|P08201|NIRB_ECOLI	1.00	target_target
sp|P0AC33|FUMA_ECOLI-sp|P0AC33|FUMA_ECOLI	1.00	target_target
sp|P0ADY7|RL16_ECOLI-sp|P0ADY7|RL16_ECOLI	1.00	target_target
sp|P05793|ILVC_ECOLI-sp|P05793|ILVC_ECOLI	1.00	target_target
sp|P0ABQ2|GARR_ECOLI-sp|P0ABQ2|GARR_ECOLI	1.00	target_target
sp|P0ABB4|ATPB_ECOLI-sp|P0ABB4|ATPB_ECOLI	1.00	target_target
sp|P33599|NUOCD_ECOLI-sp|P33599|NUOCD_ECOLI	1.00	target_target
sp|P22523|MUKB_ECOLI-sp|P22523|MUKB_ECOLI	1.00	target_target
sp|P0A6D0|ARGR_ECOLI-sp|P0A6D0|ARGR_ECOLI	1.00	target_target
sp|P0A7F3|PYRI_ECOLI-sp|P0A7F3|PYRI_ECOLI	1.00	target_target
sp|P0AES4|GYRA_ECOLI-sp|P0AES4|GYRA_ECOLI	1.00	target_target
sp|P25522|MNME_ECOLI-sp|P25522|MNME_ECOLI	1.00	target_target
sp|P00956|SYI_ECOLI-sp|P00956|SYI_ECOLI	1.00	target_target
sp|P15639|PUR9_ECOLI-sp|P15639|PUR9_ECOLI	1.00	target_target
sp|P0C8J6|GATY_ECOLI-sp|P0C8J6|GATY_ECOLI	1.00	target_target
sp|P0A8N3|SYK1_ECOLI-sp|P0A8N3|SYK1_ECOLI	1.00	target_target
sp|P0ABB0|ATPA_ECOLI-sp|P0ABB0|ATPA_ECOLI	1.00	target_target
sp|P45544|FRLR_ECOLI-sp|P45544|FRLR_ECOLI	1.00	target_target
sp|P60906|SYH_ECOLI-sp|P60906|SYH_ECOLI	1.00	target_target
sp|P0ABQ0|COABC_ECOLI-sp|P0ABQ0|COABC_ECOLI	1.00	target_target
sp|P23909|MUTS_ECOLI-sp|P23909|MUTS_ECOLI	1.00	target_target
sp|P0A6X7|IHFA_ECOLI-sp|P0A6X7|IHFA_ECOLI	1.00	target_target
sp|P0CE47|EFTU1_ECOLI,sp|P0CE48|EFTU2_ECOLI-sp|P0CE47|EFTU1_ECOLI,sp|P0CE48|EFTU2_ECOLI	1.00	target_target
sp|P33136|OPGG_ECOLI-sp|P33136|OPGG_ECOLI	1.00	target_target
sp|P0ADY1|PPID_ECOLI-sp|P0ADY1|PPID_ECOLI	1.00	target_target
sp|P0A6F9|CH10_ECOLI-sp|P0A6F9|CH10_ECOLI	1.00	target_target
sp|P37095|PEPB_ECOLI-sp|P37095|PEPB_ECOLI	1.00	target_target
sp|P0A7N9|RL33_ECOLI-sp|P0A7N9|RL33_ECOLI	1.00	target_target
sp|P0AFG3|ODO1_ECOLI-sp|P0AFG3|ODO1_ECOLI	1.00	target_target
sp|P69797|PTNAB_ECOLI-sp|P69797|PTNAB_ECOLI	1.00	target_target
sp|P45523|FKBA_ECOLI-sp|P45523|FKBA_ECOLI	1.00	target_target
sp|P77689|SUFD_ECOLI-sp|P77689|SUFD_ECOLI	1.00	target_target
sp|P0A879|TRPB_ECOLI-sp|P0A879|TRPB_ECOLI	1.00	target_target
sp|P0ACB0|DNAB_ECOLI-sp|P0ACB0|DNAB_ECOLI	1.00	target_target
sp|P25524|CODA_ECOLI-sp|P25524|CODA_ECOLI	1.00	target_target
sp|P68767|AMPA_ECOLI-sp|P68767|AMPA_ECOLI	1.00	target_target
sp|P09980|REP_ECOLI-sp|P09980|REP_ECOLI	1.00	target_target
sp|P23883|PUUC_ECOLI-sp|P23883|PUUC_ECOLI	1.00	target_target
sp|P0AES2|GUDD_ECOLI-sp|P0AES2|GUDD_ECOLI	1.00	target_target
sp|P0ABA6|ATPG_ECOLI-sp|P0ABA6|ATPG_ECOLI	1.00	target_target
sp|P39099|DEGQ_ECOLI-sp|P39099|DEGQ_ECOLI	1.00	target_target
sp|P0A6E4|ASSY_ECOLI-sp|P0A6E4|ASSY_ECOLI	1.00	target_target
sp|P23522|GARL_ECOLI-sp|P23522|GARL_ECOLI	1.00	target_target
sp|P0AE06|ACRA_ECOLI-sp|P0AE06|ACRA_ECOLI	1.00	target_target
sp|P0A7X3|RS9_ECOLI-sp|P0A7X3|RS9_ECOLI	1.00	target_target
sp|P05791|ILVD_ECOLI-sp|P05791|ILVD_ECOLI	1.00	target_target
sp|P23843|OPPA_ECOLI-sp|P23843|OPPA_ECOLI	1.00	target_target
sp|P0C0U4|RIMK_ECOLI-sp|P0C0U4|RIMK_ECOLI	1.00	target_target
sp|P0AFM4|PSIF_ECOLI-sp|P0AFM4|PSIF_ECOLI	1.00	target_target
sp|P0AFL6|PPX_ECOLI-sp|P0AFL6|PPX_ECOLI	1.00	target_target
sp|P30958|MFD_ECOLI-sp|P30958|MFD_ECOLI	1.00	target_target
sp|P33363|BGLX_ECOLI-sp|P33363|BGLX_ECOLI	1.00	target_target
sp|P21507|SRMB_ECOLI-sp|P21507|SRMB_ECOLI	1.00	target_target
sp|P0ACC7|GLMU_ECOLI-sp|P0ACC7|GLMU_ECOLI	1.00	target_target
sp|P0AG07|RPE_ECOLI-sp|P0AG07|RPE_ECOLI	1.00	target_target
sp|P23538|PPSA_ECOLI-sp|P23538|PPSA_ECOLI	1.00	target_target
sp|P77718|THII_ECOLI-sp|P77718|THII_ECOLI	1.00	target_target
sp|P76116|YNCE_ECOLI-sp|P76116|YNCE_ECOLI	1.00	target_target
sp|P69908|DCEA_ECOLI-sp|P69908|DCEA_ECOLI	1.00	target_target
sp|P0A6U3|MNMG_ECOLI-sp|P0A6U3|MNMG_ECOLI	1.00	target_target
sp|P60340|TRUB_ECOLI-sp|P60340|TRUB_ECOLI	1.00	target_target
sp|P0A9Q5|ACCD_ECOLI-sp|P0A9Q5|ACCD_ECOLI	1.00	target_target
sp|P0AFB8|NTRC_ECOLI-sp|P0AFB8|NTRC_ECOLI	1.00	target_target
sp|Q46829|BGLA_ECOLI-sp|Q46829|BGLA_ECOLI	1.00	target_target
sp|P0ACJ0|LRP_ECOLI-sp|P0ACJ0|LRP_ECOLI	1.00	target_target
sp|P23839|YICC_ECOLI-sp|P23839|YICC_ECOLI	1.00	target_target
sp|P0AFG0|NUSG_ECOLI-sp|P0AFG0|NUSG_ECOLI	1.00	target_target
sp|P09151|LEU1_ECOLI-sp|P09151|LEU1_ECOLI	1.00	target_target
sp|P0A9F3|CYSB_ECOLI-sp|P0A9F3|CYSB_ECOLI	1.00	target_target
sp|P27250|AHR_ECOLI-sp|P27250|AHR_ECOLI	1.00	target_target
sp|P60785|LEPA_ECOLI-sp|P60785|LEPA_ECOLI	1.00	target_target
sp|P00509|AAT_ECOLI-sp|P00509|AAT_ECOLI	1.00	target_target
sp|P0A6L4|NANA_ECOLI-sp|P0A6L4|NANA_ECOLI	1.00	target_target
sp|P0A6T1|G6PI_ECOLI-sp|P0A6T1|G6PI_ECOLI	1.00	target_target
sp|P05719|T1SK_ECOLI-sp|P05719|T1SK_ECOLI	1.00	target_target
sp|P15042|DNLJ_ECOLI-sp|P15042|DNLJ_ECOLI	1.00	target_target
sp|P0A717|KPRS_ECOLI-sp|P0A717|KPRS_ECOLI	1.00	target_target
sp|P76550|YFFS_ECOLI-sp|P76550|YFFS_ECOLI	1.00	target_target
sp|P0ABF1|PCNB_ECOLI-sp|P0ABF1|PCNB_ECOLI	1.00	target_target
sp|P04968|ILVA_ECOLI-sp|P04968|ILVA_ECOLI	1.00	target_target
sp|P0ADQ7|YGAM_ECOLI-sp|P0ADQ7|YGAM_ECOLI	1.00	target_target
sp|P28903|NRDD_ECOLI-sp|P28903|NRDD_ECOLI	1.00	target_target
sp|P21156|CYSD_ECOLI-sp|P21156|CYSD_ECOLI	1.00	target_target
sp|P07118|SYV_ECOLI-sp|P23878|FEPC_ECOLI	1.00	target_target
rev_sp|O00341|EAA5_HUMAN-sp|P38038|CYSJ_ECOLI	1.00	target_decoy
sp|P23367|MUTL_ECOLI-sp|P68191|SRA_ECOLI	1.00	target_target
sp|P08312|SYFA_ECOLI-sp|P0CE47|EFTU1_ECOLI,sp|P0CE48|EFTU2_ECOLI	1.00	target_target
sp|P07024|USHA_ECOLI-sp|P31663|PANC_ECOLI	1.00	target_target
sp|P60624|RL24_ECOLI-sp|P60723|RL4_ECOLI	1.00	target_target
sp|Q9BXR5|TLR10_HUMAN-sp|Q9BXR5|TLR10_HUMAN	1.00	target_target
sp|P0A8T7|RPOC_ECOLI-sp|P0ADZ4|RS15_ECOLI	1.00	target_target
sp|P0A707|IF3_ECOLI-sp|P0ACF0|DBHA_ECOLI	1.00	target_target
sp|P0ACF0|DBHA_ECOLI-sp|P0AF36|ZAPB_ECOLI	1.00	target_target
sp|P0A7W7|RS8_ECOLI-sp|P0A7W7|RS8_ECOLI	1.00	target_target
sp|P0AA10|RL13_ECOLI-sp|P0ACF0|DBHA_ECOLI	1.00	target_target
sp|P0ADZ4|RS15_ECOLI-sp|P62399|RL5_ECOLI	1.00	target_target
sp|P0A6X7|IHFA_ECOLI-sp|P0A7L0|RL1_ECOLI	1.00	target_target
sp|P0A7S3|RS12_ECOLI-sp|P23830|PSS_ECOLI	1.00	target_target
sp|P0A7V3|RS3_ECOLI-sp|P32519|ELF1_HUMAN	1.00	target_target
sp|P0A8F0|UPP_ECOLI-sp|P0ACJ0|LRP_ECOLI	1.00	target_target
sp|O95971|BY55_HUMAN-sp|P0A9K3|PHOL_ECOLI	1.00	target_target
sp|P00968|CARB_ECOLI-sp|P45577|PROQ_ECOLI	1.00	target_target
sp|P0AD33|YFCZ_ECOLI-sp|P68066|GRCA_ECOLI	1.00	target_target
sp|P0AG59|RS14_ECOLI-sp|P21338|RNI_ECOLI	1.00	target_target
sp|P22523|MUKB_ECOLI-sp|P24186|FOLD_ECOLI	1.00	target_target
sp|P0A7X3|RS9_ECOLI-sp|P0C018|RL18_ECOLI	1.00	target_target
sp|P07813|SYL_ECOLI-sp|P0A853|TNAA_ECOLI	1.00	target_target
sp|P0ABA0|ATPF_ECOLI-sp|P0ABA0|ATPF_ECOLI	1.00	target_target
sp|P03004|DNAA_ECOLI-sp|P38038|CYSJ_ECOLI	1.00	target_target
sp|P0A7K2|RL7_ECOLI-sp|P0A7S3|RS12_ECOLI	1.00	target_target
sp|P25553|ALDA_ECOLI-sp|Q7Z4L5|TT21B_HUMAN	1.00	target_target
sp|P21499|RNR_ECOLI-sp|P62399|RL5_ECOLI	1.00	target_target
sp|P0A7L3|RL20_ECOLI-sp|P0AA10|RL13_ECOLI	1.00	target_target
sp|P05719|T1SK_ECOLI-sp|P68191|SRA_ECOLI	1.00	target_target
sp|P64476|YDIH_ECOLI-sp|P67910|HLDD_ECOLI	1.00	target_target
sp|P0ADZ4|RS15_ECOLI-sp|P0AG63|RS17_ECOLI	1.00	target_target
sp|P0AD59|IVY_ECOLI-sp|P0C018|RL18_ECOLI	1.00	target_target
sp|P02359|RS7_ECOLI-sp|P21499|RNR_ECOLI	1.00	target_target
sp|P0A9G6|ACEA_ECOLI-sp|P0ACF4|DBHB_ECOLI	1.00	target_target
sp|P0A7S3|RS12_ECOLI-sp|P0AGJ5|YFIF_ECOLI	1.00	target_target
sp|P0A9M8|PTA_ECOLI-sp|P0A9Q1|ARCA_ECOLI	1.00	target_target
sp|P00968|CARB_ECOLI-sp|P09373|PFLB_ECOLI	1.00	target_target
sp|P0A7S3|RS12_ECOLI-sp|P0A7X3|RS9_ECOLI	1.00	target_target
sp|P0A847|TGT_ECOLI-sp|P60438|RL3_ECOLI	1.00	target_target
sp|P00926|SDHD_ECOLI-sp|P0A858|TPIS_ECOLI	1.00	target_target
sp|P0A850|TIG_ECOLI-sp|P0AFG6|ODO2_ECOLI	1.00	target_target
sp|P62399|RL5_ECOLI-sp|P75864|RLMKL_ECOLI	1.00	target_target
sp|P0A7K2|RL7_ECOLI-sp|P23883|PUUC_ECOLI	1.00	target_target
sp|P0A9G6|ACEA_ECOLI-sp|P0ACC7|GLMU_ECOLI	1.00	target_target
sp|P0A8V2|RPOB_ECOLI-sp|P31663|PANC_ECOLI	1.00	target_target
sp|P0A7V3|RS3_ECOLI-sp|P10408|SECA_ECOLI	1.00	target_target
sp|P0ACF0|DBHA_ECOLI-sp|P0AFF6|NUSA_ECOLI	1.00	target_target
sp|P21645|LPXD_ECOLI-sp|P39199|PRMB_ECOLI	1.00	target_target
sp|P07395|SYFB_ECOLI-sp|P43672|UUP_ECOLI	1.00	target_target
sp|P0A7N4|RL32_ECOLI-sp|P0ACF4|DBHB_ECOLI	1.00	target_target
sp|P00562|AK2H_ECOLI-sp|P0ABU0|MENB_ECOLI	1.00	target_target
sp|P0A7N9|RL33_ECOLI-sp|P0AGJ5|YFIF_ECOLI	1.00	target_target
sp|P0A8V2|RPOB_ECOLI-sp|P0ADN2|YIFE_ECOLI	1.00	target_target
sp|P77488|DXS_ECOLI-sp|P77488|DXS_ECOLI	1.00	target_target
sp|P0A705|IF2_ECOLI-sp|P35340|AHPF_ECOLI	1.00	target_target
sp|P0A9Q1|ARCA_ECOLI-sp|P0AG44|RL17_ECOLI	1.00	target_target
sp|P09373|PFLB_ECOLI-sp|P42632|TDCE_ECOLI	1.00	target_target
sp|P0AFD1|NUOE_ECOLI-sp|P0AFD6|NUOI_ECOLI	1.00	target_target
sp|P0A887|UBIE_ECOLI-sp|P0A887|UBIE_ECOLI	1.00	target_target
sp|P07118|SYV_ECOLI-sp|P0A9M8|PTA_ECOLI	1.00	target_target
sp|P15993|AROP_ECOLI-sp|P25526|GABD_ECOLI	1.00	target_target
sp|P0ACF0|DBHA_ECOLI-sp|P0AG55|RL6_ECOLI	1.00	target_target
sp|P0A707|IF3_ECOLI-sp|P0ACF4|DBHB_ECOLI	1.00	target_target
sp|P0A7J7|RL11_ECOLI-sp|P0ACF4|DBHB_ECOLI	1.00	target_target
sp|P39336|YJGL_ECOLI-sp|P39336|YJGL_ECOLI	1.00	target_target
sp|P0A7S3|RS12_ECOLI-sp|P42596|RLMG_ECOLI	1.00	target_target
sp|P0ADP7|UBIJ_ECOLI-sp|Q46868|UBIK_ECOLI	1.00	target_target
sp|P0ACF4|DBHB_ECOLI-sp|P0AF36|ZAPB_ECOLI	1.00	target_target
sp|P0A832|SSRP_ECOLI-sp|P0ACF4|DBHB_ECOLI	1.00	target_target
sp|P0A917|OMPX_ECOLI-sp|P0AG86|SECB_ECOLI	1.00	target_target
sp|P0A7U3|RS19_ECOLI-sp|P0A8N5|SYK2_ECOLI	1.00	target_target
sp|P0AFK0|PMBA_ECOLI-sp|P0AGG8|TLDD_ECOLI	1.00	target_target
sp|P0A7N9|RL33_ECOLI-sp|P76116|YNCE_ECOLI	1.00	target_target
sp|P02359|RS7_ECOLI-sp|P0AFW2|RMF_ECOLI	1.00	target_target
sp|P0A9G6|ACEA_ECOLI-sp|P0ACF0|DBHA_ECOLI	1.00	target_target
sp|P08506|DACC_ECOLI-sp|P08506|DACC_ECOLI	1.00	target_target
sp|P0A9F3|CYSB_ECOLI-sp|P0AG59|RS14_ECOLI	1.00	target_target
sp|P71242|WCAK_ECOLI-sp|P71242|WCAK_ECOLI	1.00	target_target
sp|P0ACF0|DBHA_ECOLI-sp|P22523|MUKB_ECOLI	1.00	target_target
sp|P0A6B7|ISCS_ECOLI-sp|P0ACF4|DBHB_ECOLI	1.00	target_target
sp|P0A8M3|SYT_ECOLI-sp|P0A9G6|ACEA_ECOLI	1.00	target_target
sp|P0A8J8|RHLB_ECOLI-sp|P21513|RNE_ECOLI	1.00	target_target
sp|P0A7V8|RS4_ECOLI-sp|P0AFF6|NUSA_ECOLI	1.00	target_target
sp|P09373|PFLB_ECOLI-sp|P0A858|TPIS_ECOLI	1.00	target_target
sp|P00918|CAH2_HUMAN-sp|P06987|HIS7_ECOLI	1.00	target_target
sp|P08245|YCIH_ECOLI-sp|P08245|YCIH_ECOLI	1.00	target_target
sp|P0A7N4|RL32_ECOLI-sp|P0ACF0|DBHA_ECOLI	1.00	target_target
sp|P0AFG3|ODO1_ECOLI-sp|P11447|ARLY_ECOLI	1.00	target_target
sp|P0A6B7|ISCS_ECOLI-sp|P0A9G6|ACEA_ECOLI	1.00	target_target
sp|P0A9P0|DLDH_ECOLI-sp|P0ACG1|STPA_ECOLI	1.00	target_target
sp|P0A6B7|ISCS_ECOLI-sp|P0ACF0|DBHA_ECOLI	1.00	target_target
rev_sp|P0AFG6|ODO2_ECOLI-sp|P37095|PEPB_ECOLI	1.00	target_decoy
sp|P07395|SYFB_ECOLI-sp|P0AG59|RS14_ECOLI	1.00	target_target
sp|P0A7T7|RS18_ECOLI-sp|P0ACF4|DBHB_ECOLI	1.00	target_target
sp|P04079|GUAA_ECOLI-sp|P0A9G6|ACEA_ECOLI	1.00	target_target
sp|P0A705|IF2_ECOLI-sp|P42641|OBG_ECOLI	1.00	target_target
sp|P0A8T7|RPOC_ECOLI-sp|P33570|TKT2_ECOLI	1.00	target_target
sp|P02359|RS7_ECOLI-sp|P0ADZ4|RS15_ECOLI	1.00	target_target
sp|P0A8H8|YACG_ECOLI-sp|P0AES4|GYRA_ECOLI	1.00	target_target
sp|P0ACF0|DBHA_ECOLI-sp|P21338|RNI_ECOLI	1.00	target_target
rev_sp|P64521|YEET_ECOLI-sp|P0ABH7|CISY_ECOLI	1.00	target_decoy
sp|P0A6X7|IHFA_ECOLI-sp|P0AG67|RS1_ECOLI	1.00	target_target
sp|P0A6X7|IHFA_ECOLI-sp|P0A705|IF2_ECOLI	1.00	target_target
sp|P0A7V0|RS2_ECOLI-sp|P69913|CSRA_ECOLI	1.00	target_target
sp|P0A6F5|CH60_ECOLI-sp|P0ABK5|CYSK_ECOLI	1.00	target_target
sp|P0ACF4|DBHB_ECOLI-sp|Q46901|CSE1_ECOLI	1.00	target_target
sp|P0A7U3|RS19_ECOLI-sp|P60624|RL24_ECOLI	1.00	target_target
sp|P0A6K1|DAPF_ECOLI-sp|P0AB89|PUR8_ECOLI	1.00	target_target
sp|P07118|SYV_ECOLI-sp|P07813|SYL_ECOLI	1.00	target_target
sp|P0A6Y1|IHFB_ECOLI-sp|P0A7L0|RL1_ECOLI	1.00	target_target
sp|P0A6F5|CH60_ECOLI-sp|P0AC41|SDHA_ECOLI	1.00	target_target
sp|P0ACF4|DBHB_ECOLI-sp|P69913|CSRA_ECOLI	1.00	target_target
sp|P0ACF4|DBHB_ECOLI-sp|P0AG30|RHO_ECOLI	1.00	target_target
sp|P0A912|PAL_ECOLI-sp|P0A912|PAL_ECOLI	1.00	target_target
sp|P0ADZ0|RL23_ECOLI-sp|P60723|RL4_ECOLI	1.00	target_target
sp|P0A7Z4|RPOA_ECOLI-sp|P0ACF0|DBHA_ECOLI	1.00	target_target
sp|P15639|PUR9_ECOLI-sp|P23883|PUUC_ECOLI	1.00	target_target
sp|P00582|DPO1_ECOLI-sp|P0A6Y1|IHFB_ECOLI	1.00	target_target
sp|P0A738|MOAC_ECOLI-sp|P0A738|MOAC_ECOLI	1.00	target_target
sp|P0A7V3|RS3_ECOLI-sp|P21507|SRMB_ECOLI	1.00	target_target
rev_sp|P78560|CRADD_HUMAN-rev_sp|P78560|CRADD_HUMAN	1.00	decoy_decoy
rev_sp|Q96FV0|LRC46_HUMAN-sp|P0A8T7|RPOC_ECOLI	1.00	target_decoy
sp|P0A8H6|YIHI_ECOLI-sp|P0A8H6|YIHI_ECOLI	1.00	target_target
sp|P0A6A8|ACP_ECOLI-sp|P33224|AIDB_ECOLI	1.00	target_target
sp|P0AFX4|RSD_ECOLI-sp|P0AFX4|RSD_ECOLI	1.00	target_target
sp|P02359|RS7_ECOLI-sp|P77718|THII_ECOLI	1.00	target_target
sp|P37440|UCPA_ECOLI-sp|P37440|UCPA_ECOLI	1.00	target_target
sp|P0ACF4|DBHB_ECOLI-sp|P0AFF6|NUSA_ECOLI	1.00	target_target
sp|P0A7S9|RS13_ECOLI-sp|P0A7S9|RS13_ECOLI	1.00	target_target
rev_sp|Q8N9I0|SYT2_HUMAN-sp|P0A7L0|RL1_ECOLI	1.00	target_decoy
sp|P0A6H5|HSLU_ECOLI-sp|P17445|BETB_ECOLI	1.00	target_target
rev_sp|P14175|PROV_ECOLI-sp|P07118|SYV_ECOLI	1.00	target_decoy
sp|P02359|RS7_ECOLI-sp|P0A7L0|RL1_ECOLI	1.00	target_target
rev_sp|P77434|ALAC_ECOLI-sp|P0A7V3|RS3_ECOLI	1.00	target_decoy
sp|P0A887|UBIE_ECOLI-sp|P0ADP7|UBIJ_ECOLI	1.00	target_target
sp|P0ADS9|YGGN_ECOLI-sp|P0ADS9|YGGN_ECOLI	1.00	target_target
sp|P0A7L8|RL27_ECOLI-sp|P0A7U3|RS19_ECOLI	1.00	target_target
sp|P0ACF0|DBHA_ECOLI-sp|P0AG48|RL21_ECOLI	1.00	target_target
sp|P0A9Q1|ARCA_ECOLI-sp|P0ACF0|DBHA_ECOLI	1.00	target_target
sp|P0A6Y8|DNAK_ECOLI-sp|P69910|DCEB_ECOLI	1.00	target_target
sp|P0A786|PYRB_ECOLI-sp|P0A9M8|PTA_ECOLI	1.00	target_target
sp|P0A7S9|RS13_ECOLI-sp|P0AG67|RS1_ECOLI	1.00	target_target
sp|P0A7S3|RS12_ECOLI-sp|P0A7V3|RS3_ECOLI	1.00	target_target
sp|P05055|PNP_ECOLI-sp|P0ACF0|DBHA_ECOLI	1.00	target_target
sp|P0A7L0|RL1_ECOLI-sp|P17115|GUTQ_ECOLI	1.00	target_target
sp|P0A7N9|RL33_ECOLI-sp|P45577|PROQ_ECOLI	1.00	target_target
sp|P0A7L8|RL27_ECOLI-sp|P0A7N9|RL33_ECOLI	1.00	target_target
sp|P0ADX9|RSMD_ECOLI-sp|P0ADX9|RSMD_ECOLI	1.00	target_target
sp|P02358|RS6_ECOLI-sp|P0A7L0|RL1_ECOLI	1.00	target_target
sp|P0A8M6|YEEX_ECOLI-sp|P76316|DCYD_ECOLI	1.00	target_target
sp|P0ACF0|DBHA_ECOLI-sp|P67910|HLDD_ECOLI	1.00	target_target
sp|P67910|HLDD_ECOLI-sp|P75876|RLMI_ECOLI	1.00	target_target
sp|P0A9P0|DLDH_ECOLI-sp|P62768|YAEH_ECOLI	1.00	target_target
sp|P77187|YAHF_ECOLI-sp|P77187|YAHF_ECOLI	1.00	target_target
sp|P00959|SYM_ECOLI-sp|P0A7X3|RS9_ECOLI	1.00	target_target
sp|P06989|HIS2_ECOLI-sp|P06989|HIS2_ECOLI	1.00	target_target
sp|P0A7S3|RS12_ECOLI-sp|P0A7U3|RS19_ECOLI	1.00	target_target
sp|P0A7L0|RL1_ECOLI-sp|P0AG67|RS1_ECOLI	1.00	target_target
sp|P0A7R1|RL9_ECOLI-sp|P0AG59|RS14_ECOLI	1.00	target_target
sp|P0A7S9|RS13_ECOLI-sp|P0ACF0|DBHA_ECOLI	1.00	target_target
sp|P0A832|SSRP_ECOLI-sp|P68679|RS21_ECOLI	1.00	target_target
sp|P0A6P7|ENGB_ECOLI-sp|P0C018|RL18_ECOLI	1.00	target_target
sp|P0A8T7|RPOC_ECOLI-sp|P0AGB3|RPOH_ECOLI	1.00	target_target
sp|P0A7L0|RL1_ECOLI-sp|P0A7R1|RL9_ECOLI	1.00	target_target
sp|P0A9G6|ACEA_ECOLI-sp|P69797|PTNAB_ECOLI	1.00	target_target
sp|P0A6Y8|DNAK_ECOLI-sp|P0ACF4|DBHB_ECOLI	1.00	target_target
sp|P0A7S3|RS12_ECOLI-sp|P76550|YFFS_ECOLI	1.00	target_target
sp|P0A8V2|RPOB_ECOLI-sp|P0AGB3|RPOH_ECOLI	1.00	target_target
sp|P02359|RS7_ECOLI-sp|P0A7R5|RS10_ECOLI	1.00	target_target
sp|P0A9G6|ACEA_ECOLI-sp|P0AB89|PUR8_ECOLI	1.00	target_target
sp|P0A7M2|RL28_ECOLI-sp|P0ACF0|DBHA_ECOLI	1.00	target_target
sp|P0A9G6|ACEA_ECOLI-sp|P25553|ALDA_ECOLI	1.00	target_target
sp|P0ACF0|DBHA_ECOLI-sp|P69797|PTNAB_ECOLI	1.00	target_target
sp|P0A7L0|RL1_ECOLI-sp|P38038|CYSJ_ECOLI	1.00	target_target
sp|P0A8T7|RPOC_ECOLI-sp|P0ABS1|DKSA_ECOLI	1.00	target_target
sp|P0A9C5|GLN1B_ECOLI-sp|P0ACF4|DBHB_ECOLI	1.00	target_target
sp|P0A7F3|PYRI_ECOLI-sp|P69910|DCEB_ECOLI,sp|P69908|DCEA_ECOLI	1.00	target_target
sp|P0A705|IF2_ECOLI-sp|P69913|CSRA_ECOLI	1.00	target_target
sp|P00968|CARB_ECOLI-sp|P08200|IDH_ECOLI	1.00	target_target
sp|P0A7K2|RL7_ECOLI-sp|P69776|LPP_ECOLI	1.00	target_target
sp|P0A7N9|RL33_ECOLI-sp|P75864|RLMKL_ECOLI	1.00	target_target
sp|P0A853|TNAA_ECOLI-sp|P0AGJ9|SYY_ECOLI	1.00	target_target
sp|P0AB91|AROG_ECOLI-sp|P35340|AHPF_ECOLI	1.00	target_target
sp|P0AG67|RS1_ECOLI-sp|P33136|OPGG_ECOLI	1.00	target_target
sp|P02359|RS7_ECOLI-sp|P0AG59|RS14_ECOLI	1.00	target_target
sp|P0A7X3|RS9_ECOLI-sp|P0A832|SSRP_ECOLI	1.00	target_target
sp|P45955|CPOB_ECOLI-sp|P45955|CPOB_ECOLI	1.00	target_target
sp|P0A9B2|G3P1_ECOLI-sp|P0A9C5|GLN1B_ECOLI	1.00	target_target
sp|P0ABH7|CISY_ECOLI-sp|P69910|DCEB_ECOLI,sp|P69908|DCEA_ECOLI	1.00	target_target
sp|P0A6X7|IHFA_ECOLI-sp|P68679|RS21_ECOLI	1.00	target_target
sp|P0ADZ4|RS15_ECOLI-sp|P76550|YFFS_ECOLI	1.00	target_target
sp|P0A7X3|RS9_ECOLI-sp|P0ACF0|DBHA_ECOLI	1.00	target_target
sp|P0A707|IF3_ECOLI-sp|P0AG67|RS1_ECOLI	1.00	target_target
sp|P0A8H8|YACG_ECOLI-sp|P0AES6|GYRB_ECOLI	1.00	target_target
sp|P0A7K2|RL7_ECOLI-sp|P0A7N4|RL32_ECOLI	1.00	target_target
sp|P0A707|IF3_ECOLI-sp|P60438|RL3_ECOLI	1.00	target_target
sp|P39321|TAMB_ECOLI-sp|P39321|TAMB_ECOLI	1.00	target_target
sp|P0A8V2|RPOB_ECOLI-sp|P60422|RL2_ECOLI	1.00	target_target
sp|P27302|TKT1_ECOLI-sp|P33570|TKT2_ECOLI	1.00	target_target
sp|P40710|NLPE_ECOLI-sp|P40710|NLPE_ECOLI	1.00	target_target
sp|P21151|FADA_ECOLI-sp|P21177|FADB_ECOLI	1.00	target_target
sp|P0A7S3|RS12_ECOLI-sp|P0AFW2|RMF_ECOLI	1.00	target_target
sp|P0AES4|GYRA_ECOLI-sp|P0DMC7|RCSB_ECOLI	1.00	target_target
sp|P0A9M0|LON_ECOLI-sp|P62399|RL5_ECOLI	1.00	target_target
sp|P0A8M6|YEEX_ECOLI-sp|P0ACF4|DBHB_ECOLI	1.00	target_target
sp|P0A7S3|RS12_ECOLI-sp|P0AGD7|SRP54_ECOLI	1.00	target_target
sp|P0ACF0|DBHA_ECOLI-sp|P0AEU7|SKP_ECOLI	1.00	target_target
sp|P76542|INTZ_ECOLI-sp|P76542|INTZ_ECOLI	1.00	target_target
sp|P0A7N9|RL33_ECOLI-sp|P0A9P6|DEAD_ECOLI	1.00	target_target
sp|P0A8V2|RPOB_ECOLI-sp|P15288|PEPD_ECOLI	1.00	target_target
sp|P31660|PRPC_ECOLI-sp|P33570|TKT2_ECOLI	1.00	target_target
sp|P0A6Y1|IHFB_ECOLI-sp|P0A7S9|RS13_ECOLI	1.00	target_target
sp|P0A988|DPO3B_ECOLI-sp|P0A988|DPO3B_ECOLI	1.00	target_target
sp|P0ACF0|DBHA_ECOLI-sp|P39199|PRMB_ECOLI	1.00	target_target
sp|P09980|REP_ECOLI-sp|P0A7U3|RS19_ECOLI	1.00	target_target
sp|P09831|GLTB_ECOLI-sp|P0ABH7|CISY_ECOLI	1.00	target_target
sp|P0A7U3|RS19_ECOLI-sp|P0AEU7|SKP_ECOLI	1.00	target_target
sp|P0A7R9|RS11_ECOLI-sp|P0ACF0|DBHA_ECOLI	1.00	target_target
sp|P0A7S3|RS12_ECOLI-sp|P69913|CSRA_ECOLI	1.00	target_target
sp|P0A832|SSRP_ECOLI-sp|P0ACF0|DBHA_ECOLI	1.00	target_target
sp|P13024|FDHE_ECOLI-sp|P13024|FDHE_ECOLI	1.00	target_target
sp|P0ADG4|SUHB_ECOLI-sp|P60422|RL2_ECOLI	1.00	target_target
sp|P15032|RECE_ECOLI-sp|P15032|RECE_ECOLI	1.00	target_target
sp|P07649|TRUA_ECOLI-sp|P07649|TRUA_ECOLI	1.00	target_target
sp|P0A6F5|CH60_ECOLI-sp|P25553|ALDA_ECOLI	1.00	target_target
sp|P0A7N9|RL33_ECOLI-sp|P0AEU7|SKP_ECOLI	1.00	target_target
sp|P0A853|TNAA_ECOLI-sp|P39288|QUEG_ECOLI	1.00	target_target
sp|P0A6F5|CH60_ECOLI-sp|P0A9R7|FTSE_ECOLI	1.00	target_target
sp|P0A7U3|RS19_ECOLI-sp|P62399|RL5_ECOLI	1.00	target_target
sp|P0A8T7|RPOC_ECOLI-sp|P0AGB6|RPOE_ECOLI	1.00	target_target
sp|P0A7S3|RS12_ECOLI-sp|P60438|RL3_ECOLI	1.00	target_target
sp|P0AFI7|PDXH_ECOLI-sp|P0AFI7|PDXH_ECOLI	1.00	target_target
sp|P06715|GSHR_ECOLI-sp|P06715|GSHR_ECOLI	1.00	target_target
rev_sp|P19934|TOLA_ECOLI-sp|P0ACF4|DBHB_ECOLI	1.00	target_decoy
sp|P0ADG7|IMDH_ECOLI-sp|P62399|RL5_ECOLI	1.00	target_target
sp|P0A7L0|RL1_ECOLI-sp|P60422|RL2_ECOLI	1.00	target_target
sp|P0A7U3|RS19_ECOLI-sp|P0AG59|RS14_ECOLI	1.00	target_target
sp|P14294|TOP3_ECOLI-sp|P14294|TOP3_ECOLI	1.00	target_target
sp|P04994|EX7L_ECOLI-sp|P04994|EX7L_ECOLI	1.00	target_target
sp|P29013|YCGB_ECOLI-sp|P76235|YEAH_ECOLI	1.00	target_target
sp|P32153|FRVX_ECOLI-sp|P68191|SRA_ECOLI	1.00	target_target
sp|P06612|TOP1_ECOLI-sp|P0A7L0|RL1_ECOLI	1.00	target_target
sp|P0A8M6|YEEX_ECOLI-sp|P0A910|OMPA_ECOLI	1.00	target_target
sp|P0A7U3|RS19_ECOLI-sp|P0AGL7|RSME_ECOLI	1.00	target_target
sp|P0AEA8|CYSG_ECOLI-sp|P0AEA8|CYSG_ECOLI	1.00	target_target
sp|P31979|NUOF_ECOLI-sp|P33602|NUOG_ECOLI	1.00	target_target
sp|P02359|RS7_ECOLI-sp|P0AGJ5|YFIF_ECOLI	1.00	target_target
sp|P0A7N9|RL33_ECOLI-sp|P0AES4|GYRA_ECOLI	1.00	target_target
sp|P0AED9|DCM_ECOLI-sp|P0AED9|DCM_ECOLI	1.00	target_target
sp|P08142|ILVB_ECOLI-sp|P08142|ILVB_ECOLI	1.00	target_target
rev_sp|Q9Y375|CIA30_HUMAN-sp|P14407|FUMB_ECOLI,sp|P0AC33|FUMA_ECOLI	1.00	target_decoy
sp|P0AEI1|MIAB_ECOLI-sp|P0AEI1|MIAB_ECOLI	1.00	target_target
sp|P0AEX3|KGTP_ECOLI-sp|P0AEX3|KGTP_ECOLI	1.00	target_target
sp|P27127|RFAB_ECOLI-sp|P27127|RFAB_ECOLI	1.00	target_target
sp|P05719|T1SK_ECOLI-sp|P08957|T1MK_ECOLI	1.00	target_target
sp|P07395|SYFB_ECOLI-sp|P63284|CLPB_ECOLI	1.00	target_target
sp|P0A7S3|RS12_ECOLI-sp|P0A9F3|CYSB_ECOLI	1.00	target_target
sp|P0A853|TNAA_ECOLI-sp|P25553|ALDA_ECOLI	1.00	target_target
sp|P0A6F5|CH60_ECOLI-sp|P68679|RS21_ECOLI	1.00	target_target
sp|P0ACF0|DBHA_ECOLI-sp|P60723|RL4_ECOLI	1.00	target_target
sp|P21889|SYD_ECOLI-sp|P68679|RS21_ECOLI	1.00	target_target
rev_sp|A6NHZ5|LR14B_HUMAN-sp|P25553|ALDA_ECOLI	1.00	target_decoy
sp|P0A7Z4|RPOA_ECOLI-sp|P0A9M0|LON_ECOLI	1.00	target_target
sp|P0A6X7|IHFA_ECOLI-sp|P68919|RL25_ECOLI	1.00	target_target
sp|P0A6F5|CH60_ECOLI-sp|P75796|GSIA_ECOLI	1.00	target_target
sp|P21889|SYD_ECOLI-sp|P39366|SGCX_ECOLI	1.00	target_target
sp|P0A7U3|RS19_ECOLI-sp|P0ADG7|IMDH_ECOLI	1.00	target_target
sp|P60438|RL3_ECOLI-sp|P60624|RL24_ECOLI	1.00	target_target
sp|P22188|MURE_ECOLI-sp|P23865|PRC_ECOLI	1.00	target_target
sp|P02413|RL15_ECOLI-sp|P60624|RL24_ECOLI	1.00	target_target
sp|P02359|RS7_ECOLI-sp|P0A847|TGT_ECOLI	1.00	target_target
sp|P0A853|TNAA_ECOLI-sp|P0AGE9|SUCD_ECOLI	1.00	target_target
sp|P0A705|IF2_ECOLI-sp|P0AD61|KPYK1_ECOLI	1.00	target_target
sp|P0A6X7|IHFA_ECOLI-sp|Q46901|CSE1_ECOLI	1.00	target_target
sp|P0A7L0|RL1_ECOLI-sp|P0AA10|RL13_ECOLI	1.00	target_target
sp|P0A7V8|RS4_ECOLI-sp|P62399|RL5_ECOLI	1.00	target_target
sp|P0A7T3|RS16_ECOLI-sp|P0ADZ4|RS15_ECOLI	1.00	target_target
sp|P62399|RL5_ECOLI-sp|Q57261|TRUD_ECOLI	1.00	target_target
sp|P0A8F0|UPP_ECOLI-sp|P0A9G6|ACEA_ECOLI	1.00	target_target
sp|P0A6X7|IHFA_ECOLI-sp|P0A7Z4|RPOA_ECOLI	1.00	target_target
sp|P02358|RS6_ECOLI-sp|P0C018|RL18_ECOLI	1.00	target_target
sp|P0A853|TNAA_ECOLI-sp|P0ABP8|DEOD_ECOLI	1.00	target_target
sp|P0C018|RL18_ECOLI-sp|P60422|RL2_ECOLI	1.00	target_target
sp|P71298|INTF_ECOLI-sp|P71298|INTF_ECOLI	1.00	target_target
sp|P00956|SYI_ECOLI-sp|P0C018|RL18_ECOLI	1.00	target_target
sp|P0ABD3|BFR_ECOLI-sp|P0ABD3|BFR_ECOLI	1.00	target_target
sp|P0A853|TNAA_ECOLI-sp|P45577|PROQ_ECOLI	1.00	target_target
rev_sp|P77699|TFAD_ECOLI-sp|P0A707|IF3_ECOLI	1.00	target_decoy
sp|P0A7K6|RL19_ECOLI-sp|P0A7S3|RS12_ECOLI	1.00	target_target
sp|P0ADZ4|RS15_ECOLI-sp|P0AGJ5|YFIF_ECOLI	1.00	target_target
sp|P0A7V8|RS4_ECOLI-sp|P0A7Z4|RPOA_ECOLI	1.00	target_target
sp|P0A707|IF3_ECOLI-sp|P60422|RL2_ECOLI	1.00	target_target
sp|P0ACF0|DBHA_ECOLI-sp|P75864|RLMKL_ECOLI	1.00	target_target
sp|P0A7U3|RS19_ECOLI-sp|P0A7V8|RS4_ECOLI	1.00	target_target
sp|P0A705|IF2_ECOLI-sp|P0A7L0|RL1_ECOLI	1.00	target_target
rev_sp|P0ACB0|DNAB_ECOLI-sp|P15288|PEPD_ECOLI	1.00	target_decoy
sp|P0A8J8|RHLB_ECOLI-sp|P0A8J8|RHLB_ECOLI	1.00	target_target
sp|P77488|DXS_ECOLI-sp|Q46868|UBIK_ECOLI	1.00	target_target
sp|P76372|WZZB_ECOLI-sp|P76372|WZZB_ECOLI	1.00	target_target
rev_sp|P00895|TRPE_ECOLI-sp|P00968|CARB_ECOLI	1.00	target_decoy
rev_sp|P0A705|IF2_ECOLI-sp|P0A705|IF2_ECOLI	1.00	target_decoy
sp|P76034|YCIT_ECOLI-sp|P76034|YCIT_ECOLI	1.00	target_target
sp|P76027|OPPD_ECOLI-sp|P76027|OPPD_ECOLI	1.00	target_target
sp|P27129|RFAJ_ECOLI-sp|P27129|RFAJ_ECOLI	1.00	target_target
sp|P0ADY3|RL14_ECOLI-sp|P0ADY3|RL14_ECOLI	1.00	target_target
sp|P37751|WBBK_ECOLI-sp|P37751|WBBK_ECOLI	1.00	target_target
sp|P09152|NARG_ECOLI-sp|P09152|NARG_ECOLI	1.00	target_target
sp|P0A953|FABB_ECOLI-sp|P0A953|FABB_ECOLI	1.00	target_target
sp|P04693|TYRB_ECOLI-sp|P04693|TYRB_ECOLI	1.00	target_target
sp|P30871|3PASE_ECOLI-sp|P30871|3PASE_ECOLI	1.00	target_target
sp|P0AFI0|OXC_ECOLI-sp|P0AFI0|OXC_ECOLI	1.00	target_target
sp|P77754|SPY_ECOLI-sp|P77754|SPY_ECOLI	1.00	target_target
sp|P63177|RLMB_ECOLI-sp|P63177|RLMB_ECOLI	1.00	target_target
sp|P0A8E5|YACL_ECOLI-sp|P0A8V2|RPOB_ECOLI	1.00	target_target
sp|P0AEU7|SKP_ECOLI-sp|P0C018|RL18_ECOLI	1.00	target_target
sp|P0A6Y1|IHFB_ECOLI-sp|P45577|PROQ_ECOLI	1.00	target_target
sp|P0A7G2|RBFA_ECOLI-sp|P0ACF4|DBHB_ECOLI	1.00	target_target
sp|P0A6V1|GLGC_ECOLI-sp|P0A9Q5|ACCD_ECOLI	1.00	target_target
sp|P0A8I3|YAAA_ECOLI-sp|P0A8I3|YAAA_ECOLI	1.00	target_target
sp|P06149|DLD_ECOLI-sp|P0A705|IF2_ECOLI	1.00	target_target
sp|P08839|PT1_ECOLI-sp|P0A722|LPXA_ECOLI	1.00	target_target
sp|P0AFG6|ODO2_ECOLI-sp|P37095|PEPB_ECOLI	1.00	target_target
sp|P0A7N9|RL33_ECOLI-sp|P43329|HRPA_ECOLI	1.00	target_target
sp|P0A6F5|CH60_ECOLI-sp|P0A8U2|YAFD_ECOLI	1.00	target_target
sp|P0AG67|RS1_ECOLI-sp|P17169|GLMS_ECOLI	1.00	target_target
sp|P0A7T3|RS16_ECOLI-sp|P0AGJ2|TRMH_ECOLI	1.00	target_target
sp|P0A7V0|RS2_ECOLI-sp|P60422|RL2_ECOLI	1.00	target_target
sp|P0A9B2|G3P1_ECOLI-sp|P0AD61|KPYK1_ECOLI	1.00	target_target
sp|P0A9M0|LON_ECOLI-sp|P60422|RL2_ECOLI	1.00	target_target
sp|P02358|RS6_ECOLI-sp|P0A6X7|IHFA_ECOLI	1.00	target_target
sp|P0A7J7|RL11_ECOLI-sp|P0A7V8|RS4_ECOLI	1.00	target_target
sp|P0A8V2|RPOB_ECOLI-sp|P24255|RP54_ECOLI	1.00	target_target
sp|P0A6P7|ENGB_ECOLI-sp|P0A6X7|IHFA_ECOLI	1.00	target_target
sp|P0A7L0|RL1_ECOLI-sp|P0AEU7|SKP_ECOLI	1.00	target_target
sp|P0A6Y1|IHFB_ECOLI-sp|P0A707|IF3_ECOLI	1.00	target_target
sp|P0ADY3|RL14_ECOLI-sp|P60422|RL2_ECOLI	1.00	target_target
sp|P02359|RS7_ECOLI-sp|P0A9F3|CYSB_ECOLI	1.00	target_target
sp|P0ACF4|DBHB_ECOLI-sp|P38038|CYSJ_ECOLI	1.00	target_target
sp|P0A6X7|IHFA_ECOLI-sp|P68191|SRA_ECOLI	1.00	target_target
sp|P0A6M8|EFG_ECOLI-sp|P0A853|TNAA_ECOLI	1.00	target_target
sp|P0A7V3|RS3_ECOLI-sp|P60723|RL4_ECOLI	1.00	target_target
sp|P0A6B7|ISCS_ECOLI-sp|P0AC33|FUMA_ECOLI	1.00	target_target
sp|P0A7S3|RS12_ECOLI-sp|P0A7W1|RS5_ECOLI	1.00	target_target
sp|P0A6X7|IHFA_ECOLI-sp|P0AEU7|SKP_ECOLI	1.00	target_target
sp|P0A853|TNAA_ECOLI-sp|P0A8L1|SYS_ECOLI	1.00	target_target
sp|P0A9B2|G3P1_ECOLI-sp|P0AD33|YFCZ_ECOLI	1.00	target_target
sp|P0A853|TNAA_ECOLI-sp|P0A9J8|CMPDT_ECOLI	1.00	target_target
sp|P0AG59|RS14_ECOLI-sp|P0AG67|RS1_ECOLI	1.00	target_target
sp|P02359|RS7_ECOLI-sp|P61175|RL22_ECOLI	1.00	target_target
sp|P0A707|IF3_ECOLI-sp|P0A7V3|RS3_ECOLI	1.00	target_target
sp|P09373|PFLB_ECOLI-sp|P0A836|SUCC_ECOLI	1.00	target_target
sp|P07813|SYL_ECOLI-sp|P0A9G6|ACEA_ECOLI	1.00	target_target
sp|P0ACF4|DBHB_ECOLI-sp|P0AEU7|SKP_ECOLI	1.00	target_target
sp|P0A6Y1|IHFB_ECOLI-sp|P0A832|SSRP_ECOLI	1.00	target_target
sp|P0A850|TIG_ECOLI-sp|P0A853|TNAA_ECOLI	1.00	target_target
sp|P0A7N9|RL33_ECOLI-sp|P21499|RNR_ECOLI	1.00	target_target
sp|P0A7S3|RS12_ECOLI-sp|P76273|RSMF_ECOLI	1.00	target_target
sp|P0A7S3|RS12_ECOLI-sp|P0AFG8|ODP1_ECOLI	1.00	target_target
sp|P0ACF4|DBHB_ECOLI-sp|P67910|HLDD_ECOLI	1.00	target_target
sp|P0A9M8|PTA_ECOLI-sp|P33363|BGLX_ECOLI	1.00	target_target
sp|P0A7V3|RS3_ECOLI-sp|P0A9F3|CYSB_ECOLI	1.00	target_target
sp|P0A6B7|ISCS_ECOLI-sp|P0ACP7|PURR_ECOLI	1.00	target_target
sp|P22523|MUKB_ECOLI-sp|P31663|PANC_ECOLI	1.00	target_target
sp|P0A7N9|RL33_ECOLI-sp|P0C093|SLMA_ECOLI	1.00	target_target
sp|P0A8X0|YJGA_ECOLI-sp|P0ACF4|DBHB_ECOLI	1.00	target_target
sp|P0A7F3|PYRI_ECOLI-sp|P45577|PROQ_ECOLI	1.00	target_target
sp|P0A6Y1|IHFB_ECOLI-sp|P0AG67|RS1_ECOLI	1.00	target_target
sp|P0A7S3|RS12_ECOLI-sp|P10423|IAP_ECOLI	1.00	target_target
sp|P09372|GRPE_ECOLI-sp|P69910|DCEB_ECOLI,sp|P69908|DCEA_ECOLI	1.00	target_target
sp|P0A707|IF3_ECOLI-sp|P0AA10|RL13_ECOLI	1.00	target_target
sp|P0A6E6|ATPE_ECOLI-sp|P0ABA6|ATPG_ECOLI	1.00	target_target
sp|P09831|GLTB_ECOLI-sp|P0A9G6|ACEA_ECOLI	1.00	target_target
sp|P0A6Y1|IHFB_ECOLI-sp|P0C018|RL18_ECOLI	1.00	target_target
sp|P0A8M3|SYT_ECOLI-sp|P0A8V2|RPOB_ECOLI	1.00	target_target
sp|P0A7S9|RS13_ECOLI-sp|P0ACG1|STPA_ECOLI	1.00	target_target
sp|P0A6X7|IHFA_ECOLI-sp|P0AG30|RHO_ECOLI	1.00	target_target
sp|P0A847|TGT_ECOLI-sp|P0ACF0|DBHA_ECOLI	1.00	target_target
sp|P0A7S3|RS12_ECOLI-sp|P0ADG7|IMDH_ECOLI	1.00	target_target
sp|P0A7V3|RS3_ECOLI-sp|P0ADS6|YGGE_ECOLI	1.00	target_target
sp|P36683|ACNB_ECOLI-sp|P69797|PTNAB_ECOLI	1.00	target_target
rev_sp|P57721|PCBP3_HUMAN-sp|P0A8T7|RPOC_ECOLI	1.00	target_decoy
sp|P0A850|TIG_ECOLI-sp|P0AAC0|USPE_ECOLI	1.00	target_target
sp|P0A6R3|FIS_ECOLI-sp|P0A707|IF3_ECOLI	1.00	target_target
sp|P0ACF4|DBHB_ECOLI-sp|P77718|THII_ECOLI	1.00	target_target
sp|P0A7S3|RS12_ECOLI-sp|P0AA39|RLUC_ECOLI	1.00	target_target
sp|P0AA10|RL13_ECOLI-sp|P62399|RL5_ECOLI	1.00	target_target
sp|P0A6X7|IHFA_ECOLI-sp|Q9UBD5|ORC3_HUMAN	1.00	target_target
sp|P0A879|TRPB_ECOLI-sp|P0A8F0|UPP_ECOLI	1.00	target_target
sp|P62399|RL5_ECOLI-sp|P63177|RLMB_ECOLI	1.00	target_target
sp|P45577|PROQ_ECOLI-sp|P62399|RL5_ECOLI	1.00	target_target
sp|P0A7K2|RL7_ECOLI-sp|P0ACF0|DBHA_ECOLI	1.00	target_target
sp|P0A6Y8|DNAK_ECOLI-sp|P0ACF0|DBHA_ECOLI	1.00	target_target
sp|P37765|RLUB_ECOLI-sp|P62399|RL5_ECOLI	1.00	target_target
sp|P0ADZ0|RL23_ECOLI-sp|P60422|RL2_ECOLI	1.00	target_target
sp|P0ADZ0|RL23_ECOLI-sp|P0AG59|RS14_ECOLI	1.00	target_target
sp|P0A7G2|RBFA_ECOLI-sp|P0A9K3|PHOL_ECOLI	1.00	target_target
sp|P0A836|SUCC_ECOLI-sp|P0A853|TNAA_ECOLI	1.00	target_target
sp|P0A6Y8|DNAK_ECOLI-sp|P0A7F3|PYRI_ECOLI	1.00	target_target
sp|P0ACF0|DBHA_ECOLI-sp|P10408|SECA_ECOLI	1.00	target_target
sp|P0A7V0|RS2_ECOLI-sp|Q6AI08|HEAT6_HUMAN	1.00	target_target
rev_sp|P76168|INTQ_ECOLI-sp|P0A991|ALF1_ECOLI	1.00	target_decoy
sp|P0A707|IF3_ECOLI-sp|P23538|PPSA_ECOLI	1.00	target_target
sp|P0A853|TNAA_ECOLI-sp|P0A8N5|SYK2_ECOLI	1.00	target_target
sp|P09831|GLTB_ECOLI-sp|P0A853|TNAA_ECOLI	1.00	target_target
sp|P0A6Y8|DNAK_ECOLI-sp|P0AFG6|ODO2_ECOLI	1.00	target_target
sp|P0A8V2|RPOB_ECOLI-sp|P0AEM6|FLIA_ECOLI	1.00	target_target
sp|P0AB89|PUR8_ECOLI-sp|Q8TDS5|OXER1_HUMAN	1.00	target_target
sp|P33596|RECX_ECOLI-sp|P33596|RECX_ECOLI	1.00	target_target
sp|P0A6Q6|FABZ_ECOLI-sp|P0A6Q6|FABZ_ECOLI	1.00	target_target
sp|P0A7S9|RS13_ECOLI-sp|P0A7U3|RS19_ECOLI	1.00	target_target
sp|P0A9M8|PTA_ECOLI-sp|P30128|GREB_ECOLI	1.00	target_target
sp|P0A7U3|RS19_ECOLI-sp|P0A7U7|RS20_ECOLI	0.99	target_target
sp|P05055|PNP_ECOLI-sp|P0ACF4|DBHB_ECOLI	0.99	target_target
sp|P0A836|SUCC_ECOLI-sp|P76558|MAO2_ECOLI	0.99	target_target
sp|P00582|DPO1_ECOLI-sp|P0ACF0|DBHA_ECOLI	0.99	target_target
sp|P0A6Y1|IHFB_ECOLI-sp|P0A7Z4|RPOA_ECOLI	0.99	target_target
sp|P0A6T5|GCH1_ECOLI-sp|P23839|YICC_ECOLI	0.99	target_target
sp|P0A7J3|RL10_ECOLI-sp|P0AES4|GYRA_ECOLI	0.99	target_target
sp|P0A8N5|SYK2_ECOLI-sp|P0A9G6|ACEA_ECOLI	0.99	target_target
sp|P0A6F5|CH60_ECOLI-sp|P0AFK0|PMBA_ECOLI	0.99	target_target
sp|P0A7K6|RL19_ECOLI-sp|P0A7U3|RS19_ECOLI	0.99	target_target
sp|P0A8S1|ARGP_ECOLI-sp|P0A8S1|ARGP_ECOLI	0.99	target_target
sp|P0A6X7|IHFA_ECOLI-sp|P0A7X3|RS9_ECOLI	0.99	target_target
sp|P0A7S3|RS12_ECOLI-sp|P21499|RNR_ECOLI	0.99	target_target
sp|P0A853|TNAA_ECOLI-sp|P0A8T7|RPOC_ECOLI	0.99	target_target
sp|P02359|RS7_ECOLI-sp|P0A6Y1|IHFB_ECOLI	0.99	target_target
sp|P0A7K2|RL7_ECOLI-sp|P0A7K6|RL19_ECOLI	0.99	target_target
sp|P02359|RS7_ECOLI-sp|P21889|SYD_ECOLI	0.99	target_target
sp|P0A6Z3|HTPG_ECOLI-sp|P0AFG8|ODP1_ECOLI	0.99	target_target
sp|P0A7R9|RS11_ECOLI-sp|P0ACF4|DBHB_ECOLI	0.99	target_target
sp|P02359|RS7_ECOLI-sp|P60624|RL24_ECOLI	0.99	target_target
sp|P60422|RL2_ECOLI-sp|P75864|RLMKL_ECOLI	0.99	target_target
sp|P00490|PHSM_ECOLI-sp|P68191|SRA_ECOLI	0.99	target_target
sp|P0A7L8|RL27_ECOLI-sp|P60422|RL2_ECOLI	0.99	target_target
sp|P07118|SYV_ECOLI-sp|P0A9G6|ACEA_ECOLI	0.99	target_target
sp|P0ACF4|DBHB_ECOLI-sp|P60438|RL3_ECOLI	0.99	target_target
sp|P02359|RS7_ECOLI-sp|P0A7K2|RL7_ECOLI	0.99	target_target
sp|P0ABB0|ATPA_ECOLI-sp|P25553|ALDA_ECOLI	0.99	target_target
sp|P0A6Y8|DNAK_ECOLI-sp|P60785|LEPA_ECOLI	0.99	target_target
sp|P0ABF1|PCNB_ECOLI-sp|P62399|RL5_ECOLI	0.99	target_target
sp|O75955|FLOT1_HUMAN-sp|P0A705|IF2_ECOLI	0.99	target_target
sp|P0A7U3|RS19_ECOLI-sp|P0A7V3|RS3_ECOLI	0.99	target_target
sp|P0A6Y8|DNAK_ECOLI-sp|P0A7K2|RL7_ECOLI	0.99	target_target
rev_sp|P23325|ARPA_ECOLI-sp|P0A7K2|RL7_ECOLI	0.99	target_decoy
sp|P0A6P7|ENGB_ECOLI-sp|P0A7T3|RS16_ECOLI	0.99	target_target
sp|P0A6Y1|IHFB_ECOLI-sp|P0ADY7|RL16_ECOLI	0.99	target_target
sp|P00582|DPO1_ECOLI-sp|P0AE08|AHPC_ECOLI	0.99	target_target
sp|P0A698|UVRA_ECOLI-sp|P0AFG6|ODO2_ECOLI	0.99	target_target
sp|P0A6F5|CH60_ECOLI-sp|P62399|RL5_ECOLI	0.99	target_target
sp|P39410|YJJJ_ECOLI-sp|P39410|YJJJ_ECOLI	0.98	target_target
sp|P0A8N5|SYK2_ECOLI,sp|P0A8N3|SYK1_ECOLI-sp|P0A8N5|SYK2_ECOLI,sp|P0A8N3|SYK1_ECOLI	0.98	target_target
rev_sp|P0A8V2|RPOB_ECOLI-sp|P0A8V2|RPOB_ECOLI	0.98	target_decoy
sp|P15254|PUR4_ECOLI-sp|P21599|KPYK2_ECOLI	0.98	target_target
sp|P0A7U7|RS20_ECOLI-sp|P75876|RLMI_ECOLI	0.98	target_target
sp|P37177|PT1P_ECOLI-sp|P37177|PT1P_ECOLI	0.98	target_target
sp|P00550|PTM3C_ECOLI-sp|P00550|PTM3C_ECOLI	0.98	target_target
sp|P0AA41|TRUC_ECOLI-sp|P0AA41|TRUC_ECOLI	0.98	target_target
sp|P37326|INTS_ECOLI-sp|P37326|INTS_ECOLI	0.98	target_target
sp|P0ADZ7|YAJC_ECOLI-sp|P0ADZ7|YAJC_ECOLI	0.98	target_target
sp|P0A9H3|LDCI_ECOLI-sp|P0A9H3|LDCI_ECOLI	0.98	target_target
sp|P02925|RBSB_ECOLI-sp|P02925|RBSB_ECOLI	0.98	target_target
sp|P68066|GRCA_ECOLI-sp|P68066|GRCA_ECOLI	0.98	target_target
sp|P0ACR7|YFER_ECOLI-sp|P0ACR7|YFER_ECOLI	0.98	target_target
sp|P0AC02|BAMD_ECOLI-sp|P0AC02|BAMD_ECOLI	0.98	target_target
sp|P06709|BIRA_ECOLI-sp|P06709|BIRA_ECOLI	0.97	target_target
rev_sp|Q9NW97|TMM51_HUMAN-rev_sp|Q9NW97|TMM51_HUMAN	0.97	decoy_decoy
sp|P55138|YGCE_ECOLI-sp|P55138|YGCE_ECOLI	0.97	target_target
sp|P00936|CYAA_ECOLI-sp|P00936|CYAA_ECOLI	0.97	target_target
sp|P0AFR4|YCIO_ECOLI-sp|P0AFR4|YCIO_ECOLI	0.97	target_target
sp|P07364|CHER_ECOLI-sp|P07364|CHER_ECOLI	0.97	target_target
sp|P0A830|DCTA_ECOLI-sp|P0A830|DCTA_ECOLI	0.97	target_target
sp|P69428|TATA_ECOLI-sp|P69428|TATA_ECOLI	0.97	target_target
sp|P15723|DGTP_ECOLI-sp|P15723|DGTP_ECOLI	0.97	target_target
sp|P0AGG8|TLDD_ECOLI-sp|P0AGG8|TLDD_ECOLI	0.97	target_target
sp|P0AE52|BCP_ECOLI-sp|P0AE52|BCP_ECOLI	0.97	target_target
sp|P68187|MALK_ECOLI-sp|P68187|MALK_ECOLI	0.97	target_target
sp|Q8NDN9|RCBT1_HUMAN-sp|Q8NDN9|RCBT1_HUMAN	0.97	target_target
sp|P0A6Y1|IHFB_ECOLI-sp|P23830|PSS_ECOLI	0.97	target_target
sp|P02358|RS6_ECOLI-sp|P0A6Y1|IHFB_ECOLI	0.97	target_target
sp|P0AGA2|SECY_ECOLI-sp|P0AGA2|SECY_ECOLI	0.97	target_target
sp|P45464|LPOA_ECOLI-sp|P45464|LPOA_ECOLI	0.97	target_target
sp|Q47150|DINJ_ECOLI-sp|Q47150|DINJ_ECOLI	0.97	target_target
sp|P0ADG7|IMDH_ECOLI-sp|P68191|SRA_ECOLI	0.96	target_target
rev_sp|Q7Z4L5|TT21B_HUMAN-rev_sp|Q7Z4L5|TT21B_HUMAN	0.96	decoy_decoy
sp|P0AB91|AROG_ECOLI,sp|P00888|AROF_ECOLI-sp|P0AB91|AROG_ECOLI,sp|P00888|AROF_ECOLI	0.96	target_target
sp|P0A7V3|RS3_ECOLI-sp|P13009|METH_ECOLI	0.96	target_target
sp|P0A7X3|RS9_ECOLI-sp|P0ACF4|DBHB_ECOLI	0.96	target_target
sp|P0A7S3|RS12_ECOLI-sp|P0A9Q7|ADHE_ECOLI	0.96	target_target
sp|P0A7S3|RS12_ECOLI-sp|P21513|RNE_ECOLI	0.95	target_target
sp|P0A9F3|CYSB_ECOLI-sp|P27302|TKT1_ECOLI	0.95	target_target
sp|P03007|DPO3E_ECOLI-sp|P10443|DPO3A_ECOLI	0.95	target_target
sp|P0A6X7|IHFA_ECOLI-sp|P45577|PROQ_ECOLI	0.95	target_target
sp|P0A7N9|RL33_ECOLI-sp|P30864|YAFC_ECOLI	0.95	target_target
sp|P0A8M3|SYT_ECOLI-sp|P0AG63|RS17_ECOLI	0.95	target_target
sp|P0A9D4|CYSE_ECOLI-sp|P0ABK5|CYSK_ECOLI	0.95	target_target
sp|P0A853|TNAA_ECOLI-sp|P0A8N3|SYK1_ECOLI	0.95	target_target
sp|P16659|SYP_ECOLI-sp|P19934|TOLA_ECOLI	0.95	target_target
sp|P00968|CARB_ECOLI-sp|P0A8V2|RPOB_ECOLI	0.95	target_target
sp|P00579|RPOD_ECOLI-sp|P0A705|IF2_ECOLI	0.95	target_target
sp|P0A6M8|EFG_ECOLI-sp|P0A9M0|LON_ECOLI	0.95	target_target
sp|P0A705|IF2_ECOLI-sp|P21889|SYD_ECOLI	0.95	target_target
sp|P00895|TRPE_ECOLI-sp|P00904|TRPGD_ECOLI	0.95	target_target
sp|P0A7L0|RL1_ECOLI-sp|P75864|RLMKL_ECOLI	0.94	target_target
sp|P0A887|UBIE_ECOLI-sp|P77488|DXS_ECOLI	0.94	target_target
sp|P17846|CYSI_ECOLI-sp|P52643|LDHD_ECOLI	0.94	target_target
sp|P0A8T7|RPOC_ECOLI-sp|P0AEH5|ELAB_ECOLI	0.94	target_target
sp|P0A7K2|RL7_ECOLI-sp|P0A7U3|RS19_ECOLI	0.94	target_target
sp|P0A6F5|CH60_ECOLI-sp|P0ABB0|ATPA_ECOLI	0.94	target_target
sp|P00582|DPO1_ECOLI-sp|P0A853|TNAA_ECOLI	0.94	target_target
sp|P0A9Q1|ARCA_ECOLI-sp|P33136|OPGG_ECOLI	0.94	target_target
sp|P0A8V2|RPOB_ECOLI-sp|Q2Q1W2|LIN41_HUMAN	0.94	target_target
sp|P0A6P7|ENGB_ECOLI-sp|P0A7S3|RS12_ECOLI	0.94	target_target
sp|P33570|TKT2_ECOLI-sp|P63284|CLPB_ECOLI	0.94	target_target
sp|P07117|PUTP_ECOLI-sp|P07117|PUTP_ECOLI	0.93	target_target
sp|P0A847|TGT_ECOLI-sp|P0ACF4|DBHB_ECOLI	0.93	target_target
sp|P08956|T1RK_ECOLI-sp|P17846|CYSI_ECOLI	0.93	target_target
sp|P35340|AHPF_ECOLI-sp|Q06828|FMOD_HUMAN	0.93	target_target
sp|P0A7N9|RL33_ECOLI-sp|P0C018|RL18_ECOLI	0.93	target_target
sp|P0A7S9|RS13_ECOLI-sp|P0A8V2|RPOB_ECOLI	0.93	target_target
sp|P06959|ODP2_ECOLI-sp|P09831|GLTB_ECOLI	0.93	target_target
sp|P0A7R5|RS10_ECOLI-sp|P0ACF4|DBHB_ECOLI	0.93	target_target
sp|P0A7K6|RL19_ECOLI-sp|P77674|ABDH_ECOLI	0.93	target_target
sp|P0A7K2|RL7_ECOLI-sp|P62399|RL5_ECOLI	0.93	target_target
sp|P0A8M6|YEEX_ECOLI-sp|P23538|PPSA_ECOLI	0.91	target_target
sp|P0AC00|FRLB_ECOLI-sp|P0AC00|FRLB_ECOLI	0.90	target_target
sp|P0AB80|ILVE_ECOLI-sp|P0AB80|ILVE_ECOLI	0.89	target_target
sp|P0ACK8|FUCR_ECOLI-sp|P0ACK8|FUCR_ECOLI	0.89	target_target
sp|P0A6M8|EFG_ECOLI-sp|P0A8V2|RPOB_ECOLI	0.88	target_target
sp|P77717|YBAY_ECOLI-sp|P77717|YBAY_ECOLI	0.88	target_target
sp|Q46864|MQSA_ECOLI-sp|Q46864|MQSA_ECOLI	0.86	target_target
sp|P21169|DCOR_ECOLI-sp|P21169|DCOR_ECOLI	0.86	target_target
sp|P0AEE8|DMA_ECOLI-sp|P0AEE8|DMA_ECOLI	0.86	target_target
sp|P0A707|IF3_ECOLI-sp|P61175|RL22_ECOLI	0.85	target_target
sp|P02358|RS6_ECOLI-sp|P45577|PROQ_ECOLI	0.84	target_target
sp|P06988|HISX_ECOLI-sp|P06988|HISX_ECOLI	0.83	target_target
sp|P09832|GLTD_ECOLI-sp|P12008|AROC_ECOLI	0.81	target_target
sp|P0A705|IF2_ECOLI-sp|P24218|INTD_ECOLI	0.81	target_target
sp|P05793|ILVC_ECOLI-sp|P37661|EPTB_ECOLI	0.80	target_target
sp|P0AGJ5|YFIF_ECOLI-sp|P62399|RL5_ECOLI	0.80	target_target
sp|P0A7V3|RS3_ECOLI-sp|P0A8B2|YFCN_ECOLI	0.79	target_target
sp|P09832|GLTD_ECOLI-sp|P0ABU0|MENB_ECOLI	0.79	target_target
sp|P0ABF1|PCNB_ECOLI-sp|P0ADS6|YGGE_ECOLI	0.79	target_target
sp|P0A7V3|RS3_ECOLI-sp|P50539|MXI1_HUMAN	0.79	target_target
sp|P00962|SYQ_ECOLI-sp|P00962|SYQ_ECOLI	0.79	target_target
sp|P0A6C1|END4_ECOLI-sp|P0A7L0|RL1_ECOLI	0.78	target_target
sp|P0ABH7|CISY_ECOLI-sp|P15639|PUR9_ECOLI	0.78	target_target
sp|P62399|RL5_ECOLI-sp|P77718|THII_ECOLI	0.78	target_target
sp|P0A8M6|YEEX_ECOLI-sp|P0A9X4|MREB_ECOLI	0.78	target_target
sp|P0ACF4|DBHB_ECOLI-sp|P0AGJ5|YFIF_ECOLI	0.78	target_target
sp|P21179|CATE_ECOLI-sp|P69910|DCEB_ECOLI,sp|P69908|DCEA_ECOLI	0.78	target_target
sp|P05042|FUMC_ECOLI-sp|P0A853|TNAA_ECOLI	0.78	target_target
sp|P0ACF4|DBHB_ECOLI-sp|P69797|PTNAB_ECOLI	0.78	target_target
sp|P0A6X7|IHFA_ECOLI-sp|P0AA10|RL13_ECOLI	0.78	target_target
sp|P0A6X7|IHFA_ECOLI-sp|P0C018|RL18_ECOLI	0.78	target_target
sp|P0A6F5|CH60_ECOLI-sp|P0A959|ALAA_ECOLI	0.78	target_target
sp|P0A7N4|RL32_ECOLI-sp|P0AC33|FUMA_ECOLI	0.78	target_target
sp|P0A7U3|RS19_ECOLI-sp|P0A8T7|RPOC_ECOLI	0.78	target_target
sp|P0A8T7|RPOC_ECOLI-sp|P0A991|ALF1_ECOLI	0.78	target_target
sp|P0ACF4|DBHB_ECOLI-sp|P21499|RNR_ECOLI	0.78	target_target
sp|P0A6F5|CH60_ECOLI-sp|P0AE08|AHPC_ECOLI	0.78	target_target
sp|P0ADZ4|RS15_ECOLI-sp|P0AFG8|ODP1_ECOLI	0.78	target_target
sp|P0A7V3|RS3_ECOLI-sp|P0A9M0|LON_ECOLI	0.78	target_target
sp|P00363|FRDA_ECOLI-sp|P0A6F5|CH60_ECOLI	0.78	target_target
sp|P0A7S3|RS12_ECOLI-sp|P76594|PKA_ECOLI	0.78	target_target
sp|P0A6X7|IHFA_ECOLI-sp|P0A7R9|RS11_ECOLI	0.78	target_target
sp|P0A7N9|RL33_ECOLI-sp|P0ACG1|STPA_ECOLI	0.78	target_target
sp|P0A7U3|RS19_ECOLI-sp|P0ADZ0|RL23_ECOLI	0.78	target_target
sp|P0AEU7|SKP_ECOLI-sp|P0AG67|RS1_ECOLI	0.78	target_target
sp|P0A7S3|RS12_ECOLI-sp|P0A9M0|LON_ECOLI	0.78	target_target
sp|P0A853|TNAA_ECOLI-sp|P0AC33|FUMA_ECOLI	0.78	target_target
sp|P0A6Y1|IHFB_ECOLI-sp|P68919|RL25_ECOLI	0.78	target_target
sp|P0A847|TGT_ECOLI-sp|P0AG59|RS14_ECOLI	0.78	target_target
sp|P0A7R5|RS10_ECOLI-sp|P62399|RL5_ECOLI	0.78	target_target
sp|P0A853|TNAA_ECOLI-sp|P27302|TKT1_ECOLI	0.78	target_target
sp|P0A6Y8|DNAK_ECOLI-sp|P0DMC7|RCSB_ECOLI	0.78	target_target
sp|P0A8M6|YEEX_ECOLI-sp|P0A9Q1|ARCA_ECOLI	0.78	target_target
sp|P0A7U3|RS19_ECOLI-sp|P60723|RL4_ECOLI	0.78	target_target
sp|P0A6B7|ISCS_ECOLI-sp|P0ACD4|ISCU_ECOLI	0.78	target_target
sp|P0A6B7|ISCS_ECOLI-sp|P24182|ACCC_ECOLI	0.78	target_target
sp|P0A7R1|RL9_ECOLI-sp|P0AEU7|SKP_ECOLI	0.78	target_target
sp|P07004|PROA_ECOLI-sp|P0A6Y1|IHFB_ECOLI	0.78	target_target
sp|P0A9B2|G3P1_ECOLI-sp|P37685|ALDB_ECOLI	0.78	target_target
sp|P0A8X0|YJGA_ECOLI-sp|P37765|RLUB_ECOLI	0.77	target_target
sp|P0ACF4|DBHB_ECOLI-sp|P0AE78|CORC_ECOLI	0.77	target_target
sp|P0A6X7|IHFA_ECOLI-sp|P0A7R1|RL9_ECOLI	0.77	target_target
sp|P0A8M6|YEEX_ECOLI-sp|P0AFG6|ODO2_ECOLI	0.77	target_target
sp|P00490|PHSM_ECOLI-sp|P0ACF0|DBHA_ECOLI	0.77	target_target
sp|P0A6Y8|DNAK_ECOLI-sp|P69451|LCFA_ECOLI	0.77	target_target
sp|P02359|RS7_ECOLI-sp|P0ACL9|PDHR_ECOLI	0.77	target_target
sp|P17846|CYSI_ECOLI-sp|P69910|DCEB_ECOLI,sp|P69908|DCEA_ECOLI	0.77	target_target
sp|P02359|RS7_ECOLI-sp|P69913|CSRA_ECOLI	0.77	target_target
sp|P0A6Y8|DNAK_ECOLI-sp|P0A7M2|RL28_ECOLI	0.77	target_target
sp|P02359|RS7_ECOLI-sp|P60438|RL3_ECOLI	0.77	target_target
sp|P0A9G6|ACEA_ECOLI-sp|P0A9Q1|ARCA_ECOLI	0.77	target_target
sp|P11349|NARH_ECOLI-sp|P19319|NARZ_ECOLI	0.77	target_target
sp|P0ACG1|STPA_ECOLI-sp|P0ADZ4|RS15_ECOLI	0.77	target_target
sp|P0A7M2|RL28_ECOLI-sp|P60624|RL24_ECOLI	0.77	target_target
sp|P0A7V3|RS3_ECOLI-sp|P0C018|RL18_ECOLI	0.77	target_target
sp|P0A7V3|RS3_ECOLI-sp|P0A8T7|RPOC_ECOLI	0.77	target_target
sp|P0A850|TIG_ECOLI-sp|P22523|MUKB_ECOLI	0.76	target_target
sp|P0A6F5|CH60_ECOLI-sp|P0AB03|YCBJ_ECOLI	0.76	target_target
sp|P0A705|IF2_ECOLI-sp|Q7Z4L5|TT21B_HUMAN	0.75	target_target
sp|P0A7L8|RL27_ECOLI-sp|P0A7S3|RS12_ECOLI	0.75	target_target
sp|P0A705|IF2_ECOLI-sp|P0A7W1|RS5_ECOLI	0.75	target_target
sp|P31663|PANC_ECOLI-sp|P60422|RL2_ECOLI	0.74	target_target
sp|P08312|SYFA_ECOLI-sp|P0A9K3|PHOL_ECOLI	0.74	target_target
sp|P0ACF0|DBHA_ECOLI-sp|P68191|SRA_ECOLI	0.74	target_target
sp|P0A6Y8|DNAK_ECOLI-sp|P0A853|TNAA_ECOLI	0.74	target_target
sp|P0A7L0|RL1_ECOLI-sp|P0A853|TNAA_ECOLI	0.74	target_target
sp|P0ACF0|DBHA_ECOLI-sp|P0AGJ5|YFIF_ECOLI	0.74	target_target
sp|P0AG67|RS1_ECOLI-sp|Q46901|CSE1_ECOLI	0.74	target_target
sp|P0A8V2|RPOB_ECOLI-sp|P0ADZ4|RS15_ECOLI	0.74	target_target
sp|P0A7K2|RL7_ECOLI-sp|P0A7S9|RS13_ECOLI	0.74	target_target
sp|P0ADZ4|RS15_ECOLI-sp|P60624|RL24_ECOLI	0.74	target_target
sp|P05055|PNP_ECOLI-sp|P0AFG8|ODP1_ECOLI	0.74	target_target
sp|P0A7K6|RL19_ECOLI-sp|P21499|RNR_ECOLI	0.74	target_target
sp|P0A6B7|ISCS_ECOLI-sp|P32177|FDHD_ECOLI	0.74	target_target
sp|P0A6Y8|DNAK_ECOLI-sp|P38038|CYSJ_ECOLI	0.74	target_target
sp|P0A7G6|RECA_ECOLI-sp|P0A9X4|MREB_ECOLI	0.74	target_target
sp|P0A6Y8|DNAK_ECOLI-sp|P63284|CLPB_ECOLI	0.74	target_target
sp|P0A7L0|RL1_ECOLI-sp|P0AFW2|RMF_ECOLI	0.74	target_target
sp|P23830|PSS_ECOLI-sp|P69913|CSRA_ECOLI	0.74	target_target
sp|P0A6M8|EFG_ECOLI-sp|P35340|AHPF_ECOLI	0.74	target_target
sp|P0A6Y8|DNAK_ECOLI-sp|P68919|RL25_ECOLI	0.74	target_target
sp|P06612|TOP1_ECOLI-sp|P0A6X7|IHFA_ECOLI	0.74	target_target
sp|P00579|RPOD_ECOLI-sp|P0A6Y8|DNAK_ECOLI	0.74	target_target
sp|P0A9K3|PHOL_ECOLI-sp|P0AG67|RS1_ECOLI	0.74	target_target
sp|P0A705|IF2_ECOLI-sp|P0AC33|FUMA_ECOLI	0.74	target_target
sp|P0A7X3|RS9_ECOLI-sp|P0AEU7|SKP_ECOLI	0.74	target_target
sp|P62399|RL5_ECOLI-sp|Q47156|YAFN_ECOLI	0.74	target_target
sp|P0A853|TNAA_ECOLI-sp|P77674|ABDH_ECOLI	0.73	target_target
rev_sp|Q8NGY6|OR6N2_HUMAN-sp|P0AFG6|ODO2_ECOLI	0.73	target_decoy
sp|P0AFF6|NUSA_ECOLI-sp|P68066|GRCA_ECOLI	0.72	target_target
sp|P00968|CARB_ECOLI-sp|P0A7K2|RL7_ECOLI	0.71	target_target
sp|P0A705|IF2_ECOLI-sp|P50539|MXI1_HUMAN	0.67	target_target
sp|P17169|GLMS_ECOLI-sp|P77674|ABDH_ECOLI	0.67	target_target
sp|P0A7U3|RS19_ECOLI-sp|P45577|PROQ_ECOLI	0.67	target_target
sp|P0A7R1|RL9_ECOLI-sp|P0A7U3|RS19_ECOLI	0.67	target_target
